Workbook
Name \a: #REF!
Name \AA: #REF!
Name \AH: #REF!
Name \b: #REF!
Name \f: #REF!
Name \FO: #REF!
Name \MS: #REF!
Name \n: #REF!
Name \o: #REF!
Name \p: #REF!
Name \q: #REF!
Name \r: #REF!
Name \RK: #REF!
Name \s: #REF!
Name \SM: #REF!
Name \SO: #REF!
Name \TOT: #REF!
Name \v: #REF!
Name \z: #REF!
Name \ZD: #REF!
Name ____pa2: #REF!
Name ___LLT1: #REF!
Name ___LLT10: #REF!
Name ___LLT11: #REF!
Name ___LLT12: #REF!
Name ___LLT2: #REF!
Name ___LLT3: #REF!
Name ___LLT4: #REF!
Name ___LLT5: #REF!
Name ___LLT6: #REF!
Name ___LLT7: #REF!
Name ___LLT8: #REF!
Name ___LLT9: #REF!
Name ___LST1: #REF!
Name ___LST2: #REF!
Name ___LST3: #REF!
Name ___LST4: #REF!
Name ___LST5: #REF!
Name ___LT1: #REF!
Name ___LT2: #REF!
Name ___LT3: #REF!
Name ___LT4: #REF!
Name ___pa2: #REF!
Name ___STX1: #REF!
Name ___STX2: #REF!
Name ___STX3: #REF!
Name ___STX4: #REF!
Name ___STX5: #REF!
Name ___tot67000: #REF!
Name __Dat1: #REF!
Name __LLT1: #REF!
Name __LLT10: #REF!
Name __LLT11: #REF!
Name __LLT12: #REF!
Name __LLT2: #REF!
Name __LLT3: #REF!
Name __LLT4: #REF!
Name __LLT5: #REF!
Name __LLT6: #REF!
Name __LLT7: #REF!

Sheet BOQs
M1: =SUBTOTAL(9,tbl_BOQs[Total]) -> 5134038.8
A2: Unique | B2: type | C2: ID_Contractor | D2: BOQ ID | E2: Contractor | F2: ItemEN | G2: Item_AR | H2: ItemEN1 | I2: Item_AR1 | J2: Unit | K2: Quantities | L2: Cost | M2: Total | R2: Row Labels | S2: Sum of Total
A3: =tbl_BOQs[[#This Row],[BOQ ID]]&"-"&tbl_BOQs[[#This Row],[Contractor]] -> w1_1-C3 | B3: Room and external finishing works | C3: 01 | D3: w1_1 | E3: C3 | F3: 1.1 Light demolition with hand tools | G3: 1.1 أعمال هدم بسيط بالأدوات اليدوية | H3: 1.1 Light demolition with hand tools | I3: 1.1 أعمال هدم بسيط بالأدوات اليدوية | K3: 5803 | L3: 7 | M3: =tbl_BOQs[[#This Row],[Cost]]*tbl_BOQs[[#This Row],[Quantities]] -> 40621 | R3: Rehabilitation | S3: 2623
A4: =tbl_BOQs[[#This Row],[BOQ ID]]&"-"&tbl_BOQs[[#This Row],[Contractor]] -> w1_2-C3 | B4: Room and external finishing works | C4: 02 | D4: w1_2 | E4: C3 | F4: 1.2 Debris removal | G4: 1.2 إزالة الأنقاض | H4: 1.2 Debris removal | I4: 1.2 إزالة الأنقاض | K4: 5803 | L4: 6 | M4: =tbl_BOQs[[#This Row],[Cost]]*tbl_BOQs[[#This Row],[Quantities]] -> 34818 | R4: Grand Total | S4: 2623
A5: =tbl_BOQs[[#This Row],[BOQ ID]]&"-"&tbl_BOQs[[#This Row],[Contractor]] -> w1_3-C3 | B5: Room and external finishing works | C5: 03 | D5: w1_3 | E5: C3 | F5: 1.3 Blockwork | G5: 1.3 أعمال بناء البلوك | H5: 1.3 Blockwork | I5: 1.3 أعمال بناء البلوك | K5: 5803 | L5: 75 | M5: =tbl_BOQs[[#This Row],[Cost]]*tbl_BOQs[[#This Row],[Quantities]] -> 435225
A6: =tbl_BOQs[[#This Row],[BOQ ID]]&"-"&tbl_BOQs[[#This Row],[Contractor]] -> w1_4-C3 | B6: Room and external finishing works | C6: 04 | D6: w1_4 | E6: C3 | F6: 1.4 Concrete floor repair without formwork (250 kg/m³) | G6: 1.4 تصليح الأرضيات بالبيتون بدون قالب (250 كغ/م³) | H6: 1.4 Concrete floor repair without formwork (250 kg/m³) | I6: 1.4 تصليح الأرضيات بالبيتون بدون قالب (250 كغ/م³) | K6: 5803 | L6: 75 | M6: =tbl_BOQs[[#This Row],[Cost]]*tbl_BOQs[[#This Row],[Quantities]] -> 435225
A7: =tbl_BOQs[[#This Row],[BOQ ID]]&"-"&tbl_BOQs[[#This Row],[Contractor]] -> w1_5-C3 | B7: Room and external finishing works | C7: 05 | D7: w1_5 | E7: C3 | F7: 1.5 Concrete roof repair with formwork (350 kg/m³) | G7: 1.5 تصليح الأسقف بالبيتون مع القالب (350 كغ/م³) | H7: 1.5 Concrete roof repair with formwork (350 kg/m³) | I7: 1.5 تصليح الأسقف بالبيتون مع القالب (350 كغ/م³) | K7: 5803 | L7: 148 | M7: =tbl_BOQs[[#This Row],[Cost]]*tbl_BOQs[[#This Row],[Quantities]] -> 858844
A8: =tbl_BOQs[[#This Row],[BOQ ID]]&"-"&tbl_BOQs[[#This Row],[Contractor]] -> w1_6-C3 | B8: Room and external finishing works | C8: 06 | D8: w1_6 | E8: C3 | F8: 1.6 Plastering for walls and ceilings | G8: 1.6 أعمال الطينة للجدران والأسقف | H8: 1.6 Plastering for walls and ceilings | I8: 1.6 أعمال الطينة للجدران والأسقف | K8: 9000 | L8: 5 | M8: =tbl_BOQs[[#This Row],[Cost]]*tbl_BOQs[[#This Row],[Quantities]] -> 45000
A9: =tbl_BOQs[[#This Row],[BOQ ID]]&"-"&tbl_BOQs[[#This Row],[Contractor]] -> w1_7-C3 | B9: Room and external finishing works | C9: 07 | D9: w1_7 | E9: C3 | F9: 1.7 Repair existing doors & windows with paint | G9: 1.7 صيانة الأبواب والنوافذ الموجودة مع الدهان | H9: 1.7 Repair existing doors & windows with paint | I9: 1.7 صيانة الأبواب والنوافذ الموجودة مع الدهان | K9: 2650 | L9: 25 | M9: =tbl_BOQs[[#This Row],[Cost]]*tbl_BOQs[[#This Row],[Quantities]] -> 66250
A10: =tbl_BOQs[[#This Row],[BOQ ID]]&"-"&tbl_BOQs[[#This Row],[Contractor]] -> w1_8-C3 | B10: Room and external finishing works | C10: 08 | D10: w1_8 | E10: C3 | F10: 1.8 Install clear/frosted glass for doors and windows | G10: 1.8 تركيب زجاج عادي أو مجلتن للنوافذ والأبواب | H10: 1.8 Install clear/frosted glass for doors and windows | I10: 1.8 تركيب زجاج عادي أو مجلتن للنوافذ والأبواب | K10: 528 | L10: 10 | M10: =tbl_BOQs[[#This Row],[Cost]]*tbl_BOQs[[#This Row],[Quantities]] -> 5280
A11: =tbl_BOQs[[#This Row],[BOQ ID]]&"-"&tbl_BOQs[[#This Row],[Contractor]] -> w1_9-C3 | B11: Room and external finishing works | C11: 09 | D11: w1_9 | E11: C3 | F11: 1.9 Supply & install wooden joinery with accessories | G11: 1.9 تقديم وتركيب منجور خشبي مع الإكسسوارات | H11: 1.9 Supply & install wooden joinery with accessories | I11: 1.9 تقديم وتركيب منجور خشبي مع الإكسسوارات | K11: 2150 | L11: 77 | M11: =tbl_BOQs[[#This Row],[Cost]]*tbl_BOQs[[#This Row],[Quantities]] -> 165550
A12: =tbl_BOQs[[#This Row],[BOQ ID]]&"-"&tbl_BOQs[[#This Row],[Contractor]] -> w1_10-C3 | B12: Room and external finishing works | C12: 10 | D12: w1_10 | E12: C3 | F12: 1.10 Supply & install metal joinery with glass | G12: 1.10 تقديم وتركيب منجور معدني مع الزجاج | H12: 1.10 Supply & install metal joinery with glass | I12: 1.10 تقديم وتركيب منجور معدني مع الزجاج | K12: 11500 | L12: 1.6 | M12: =tbl_BOQs[[#This Row],[Cost]]*tbl_BOQs[[#This Row],[Quantities]] -> 18400
A13: =tbl_BOQs[[#This Row],[BOQ ID]]&"-"&tbl_BOQs[[#This Row],[Contractor]] -> w1_11-C3 | B13: Room and external finishing works | C13: 11 | D13: w1_11 | E13: C3 | F13: 1.11 Supply & install PVC joinery | G13: 1.11 تقديم وتركيب منجور PVC | H13: 1.11 Supply & install PVC joinery | I13: 1.11 تقديم وتركيب منجور PVC | K13: 6200 | L13: 42 | M13: =tbl_BOQs[[#This Row],[Cost]]*tbl_BOQs[[#This Row],[Quantities]] -> 260400
A14: =tbl_BOQs[[#This Row],[BOQ ID]]&"-"&tbl_BOQs[[#This Row],[Contractor]] -> w1_12-C3 | B14: Room and external finishing works | C14: 12 | D14: w1_12 | E14: C3 | F14: 1.12 Install 3 cm marble door thresholds | G14: 1.12 تركيب وزرة رخام للأبواب (سماكة 3 سم) | H14: 1.12 Install 3 cm marble door thresholds | I14: 1.12 تركيب وزرة رخام للأبواب (سماكة 3 سم) | K14: 51 | L14: 6 | M14: =tbl_BOQs[[#This Row],[Cost]]*tbl_BOQs[[#This Row],[Quantities]] -> 306
A15: =tbl_BOQs[[#This Row],[BOQ ID]]&"-"&tbl_BOQs[[#This Row],[Contractor]] -> w1_13-C3 | B15: Room and external finishing works | C15: 13 | D15: w1_13 | E15: C3 | F15: 1.13 Install stainless steel handrails for PWD | G15: 1.13 تركيب درابزونات ستانلس ستيل لذوي الاحتياجات الخاصة | H15: 1.13 Install stainless steel handrails for PWD | I15: 1.13 تركيب درابزونات ستانلس ستيل لذوي الاحتياجات الخاصة | K15: 49 | L15: 9 | M15: =tbl_BOQs[[#This Row],[Cost]]*tbl_BOQs[[#This Row],[Quantities]] -> 441
A16: =tbl_BOQs[[#This Row],[BOQ ID]]&"-"&tbl_BOQs[[#This Row],[Contractor]] -> w1_14-C3 | B16: Room and external finishing works | C16: 14 | D16: w1_14 | E16: C3 | F16: 1.14 Construct ramp for PWD | G16: 1.14 إنشاء رامب لذوي الاحتياجات الخاصة | H16: 1.14 Construct ramp for PWD | I16: 1.14 إنشاء رامب لذوي الاحتياجات الخاصة | K16: 32 | L16: 20 | M16: =tbl_BOQs[[#This Row],[Cost]]*tbl_BOQs[[#This Row],[Quantities]] -> 640
A17: =tbl_BOQs[[#This Row],[BOQ ID]]&"-"&tbl_BOQs[[#This Row],[Contractor]] -> w2_1-C3 | B17: Kitchen and wet area works | C17: 15 | D17: w2_1 | E17: C3 | F17: 2.1 Install chrome water mixer with brass core | G17: 2.1 تركيب خلاط مياه كروم مع قلب نحاسي | H17: 2.1 Install chrome water mixer with brass core | I17: 2.1 تركيب خلاط مياه كروم مع قلب نحاسي | K17: 166 | L17: 20 | M17: =tbl_BOQs[[#This Row],[Cost]]*tbl_BOQs[[#This Row],[Quantities]] -> 3320
A18: =tbl_BOQs[[#This Row],[BOQ ID]]&"-"&tbl_BOQs[[#This Row],[Contractor]] -> w2_2-C3 | B18: Kitchen and wet area works | C18: 16 | D18: w2_2 | E18: C3 | F18: 2.2 Install ceramic floor tiles | G18: 2.2 تركيب سيراميك للأرضيات | H18: 2.2 Install ceramic floor tiles | I18: 2.2 تركيب سيراميك للأرضيات | K18: 650 | L18: 18 | M18: =tbl_BOQs[[#This Row],[Cost]]*tbl_BOQs[[#This Row],[Quantities]] -> 11700
A19: =tbl_BOQs[[#This Row],[BOQ ID]]&"-"&tbl_BOQs[[#This Row],[Contractor]] -> w2_3-C3 | B19: Kitchen and wet area works | C19: 17 | D19: w2_3 | E19: C3 | F19: 2.3 Install ceramic wall tiles | G19: 2.3 تركيب سيراميك للجدران | H19: 2.3 Install ceramic wall tiles | I19: 2.3 تركيب سيراميك للجدران | K19: 650 | L19: 18 | M19: =tbl_BOQs[[#This Row],[Cost]]*tbl_BOQs[[#This Row],[Quantities]] -> 11700
A20: =tbl_BOQs[[#This Row],[BOQ ID]]&"-"&tbl_BOQs[[#This Row],[Contractor]] -> w2_4-C3 | B20: Kitchen and wet area works | C20: 18 | D20: w2_4 | E20: C3 | F20: 2.4 Install 2.2m mosaic sink with stone splashback | G20: 2.4 تركيب مجلى موزاييك (2.2 م) مع وقافيات حجر | H20: 2.4 Install 2.2m mosaic sink with stone splashback | I20: 2.4 تركيب مجلى موزاييك (2.2 م) مع وقافيات حجر | K20: 164 | L20: 70 | M20: =tbl_BOQs[[#This Row],[Cost]]*tbl_BOQs[[#This Row],[Quantities]] -> 11480
A21: =tbl_BOQs[[#This Row],[BOQ ID]]&"-"&tbl_BOQs[[#This Row],[Contractor]] -> w2_5-C3 | B21: Kitchen and wet area works | C21: 19 | D21: w2_5 | E21: C3 | F21: 2.5 Install squat toilet | G21: 2.5 تركيب مرحاض أرضي (بطة) | H21: 2.5 Install squat toilet | I21: 2.5 تركيب مرحاض أرضي (بطة) | K21: 32 | L21: 40 | M21: =tbl_BOQs[[#This Row],[Cost]]*tbl_BOQs[[#This Row],[Quantities]] -> 1280
A22: =tbl_BOQs[[#This Row],[BOQ ID]]&"-"&tbl_BOQs[[#This Row],[Contractor]] -> w2_6-C3 | B22: Kitchen and wet area works | C22: 20 | D22: w2_6 | E22: C3 | F22: 2.6 Install WC toilet | G22: 2.6 تركيب كرسي تواليت | H22: 2.6 Install WC toilet | I22: 2.6 تركيب كرسي تواليت | K22: 65 | L22: 100 | M22: =tbl_BOQs[[#This Row],[Cost]]*tbl_BOQs[[#This Row],[Quantities]] -> 6500
A23: =tbl_BOQs[[#This Row],[BOQ ID]]&"-"&tbl_BOQs[[#This Row],[Contractor]] -> w2_7-C3 | B23: Kitchen and wet area works | C23: 21 | D23: w2_7 | E23: C3 | F23: 2.7 Install single water tap with brass core | G23: 2.7 تركيب حنفية مياه مفردة مع قلب نحاسي | H23: 2.7 Install single water tap with brass core | I23: 2.7 تركيب حنفية مياه مفردة مع قلب نحاسي | K23: 480 | L23: 7 | M23: =tbl_BOQs[[#This Row],[Cost]]*tbl_BOQs[[#This Row],[Quantities]] -> 3360
... A45: =tbl_BOQs[[#This Row],[BOQ ID]]&"-"&tbl_BOQs[[#This Row],[Contractor]] -> w6_1-C3 | B45: Roof insulation works | C45: 43 | D45: w6_1 | E45: C3 | F45: 6.1 Acrylic elastic roof waterproofing | G45: 6.1 عزل مطاطي (أكريليك) للأسطح | H45: 6.1 Acrylic elastic roof waterproofing | I45: 6.1 عزل مطاطي (أكريليك) للأسطح | K45: 29226 | L45: 1.7 | M45: =tbl_BOQs[[#This Row],[Cost]]*tbl_BOQs[[#This Row],[Quantities]] -> 49684.2
A46: =tbl_BOQs[[#This Row],[BOQ ID]]&"-"&tbl_BOQs[[#This Row],[Contractor]] -> w1_1-C1 | B46: Room and external finishing works | C46: 01 | D46: w1_1 | E46: C1 | F46: 1.1 Light demolition with hand tools | G46: 1.1 أعمال هدم بسيط بالأدوات اليدوية | H46: 1.1 Light demolition with hand tools | I46: 1.1 أعمال هدم بسيط بالأدوات اليدوية | K46: 5803 | L46: 1.2 | M46: =tbl_BOQs[[#This Row],[Cost]]*tbl_BOQs[[#This Row],[Quantities]] -> 6963.6
A47: =tbl_BOQs[[#This Row],[BOQ ID]]&"-"&tbl_BOQs[[#This Row],[Contractor]] -> w1_2-C1 | B47: Room and external finishing works | C47: 02 | D47: w1_2 | E47: C1 | F47: 1.2 Debris removal | G47: 1.2 إزالة الأنقاض | H47: 1.2 Debris removal | I47: 1.2 إزالة الأنقاض | K47: 5803 | L47: 5 | M47: =tbl_BOQs[[#This Row],[Cost]]*tbl_BOQs[[#This Row],[Quantities]] -> 29015
A48: =tbl_BOQs[[#This Row],[BOQ ID]]&"-"&tbl_BOQs[[#This Row],[Contractor]] -> w1_3-C1 | B48: Room and external finishing works | C48: 03 | D48: w1_3 | E48: C1 | F48: 1.3 Blockwork | G48: 1.3 أعمال بناء البلوك | H48: 1.3 Blockwork | I48: 1.3 أعمال بناء البلوك | K48: 5803 | L48: 78 | M48: =tbl_BOQs[[#This Row],[Cost]]*tbl_BOQs[[#This Row],[Quantities]] -> 452634
A49: =tbl_BOQs[[#This Row],[BOQ ID]]&"-"&tbl_BOQs[[#This Row],[Contractor]] -> w1_4-C1 | B49: Room and external finishing works | C49: 04 | D49: w1_4 | E49: C1 | F49: 1.4 Concrete floor repair without formwork (250 kg/m³) | G49: 1.4 تصليح الأرضيات بالبيتون بدون قالب (250 كغ/م³) | H49: 1.4 Concrete floor repair without formwork (250 kg/m³) | I49: 1.4 تصليح الأرضيات بالبيتون بدون قالب (250 كغ/م³) | K49: 5803 | L49: 60 | M49: =tbl_BOQs[[#This Row],[Cost]]*tbl_BOQs[[#This Row],[Quantities]] -> 348180
A50: =tbl_BOQs[[#This Row],[BOQ ID]]&"-"&tbl_BOQs[[#This Row],[Contractor]] -> w1_5-C1 | B50: Room and external finishing works | C50: 05 | D50: w1_5 | E50: C1 | F50: 1.5 Concrete roof repair with formwork (350 kg/m³) | G50: 1.5 تصليح الأسقف بالبيتون مع القالب (350 كغ/م³) | H50: 1.5 Concrete roof repair with formwork (350 kg/m³) | I50: 1.5 تصليح الأسقف بالبيتون مع القالب (350 كغ/م³) | K50: 5803 | L50: 138 | M50: =tbl_BOQs[[#This Row],[Cost]]*tbl_BOQs[[#This Row],[Quantities]] -> 800814
A51: =tbl_BOQs[[#This Row],[BOQ ID]]&"-"&tbl_BOQs[[#This Row],[Contractor]] -> w1_6-C1 | B51: Room and external finishing works | C51: 06 | D51: w1_6 | E51: C1 | F51: 1.6 Plastering for walls and ceilings | G51: 1.6 أعمال الطينة للجدران والأسقف | H51: 1.6 Plastering for walls and ceilings | I51: 1.6 أعمال الطينة للجدران والأسقف | K51: 9000 | L51: 4.5 | M51: =tbl_BOQs[[#This Row],[Cost]]*tbl_BOQs[[#This Row],[Quantities]] -> 40500
A52: =tbl_BOQs[[#This Row],[BOQ ID]]&"-"&tbl_BOQs[[#This Row],[Contractor]] -> w1_7-C1 | B52: Room and external finishing works | C52: 07 | D52: w1_7 | E52: C1 | F52: 1.7 Repair existing doors & windows with paint | G52: 1.7 صيانة الأبواب والنوافذ الموجودة مع الدهان | H52: 1.7 Repair existing doors & windows with paint | I52: 1.7 صيانة الأبواب والنوافذ الموجودة مع الدهان | K52: 2650 | L52: 20 | M52: =tbl_BOQs[[#This Row],[Cost]]*tbl_BOQs[[#This Row],[Quantities]] -> 53000
A53: =tbl_BOQs[[#This Row],[BOQ ID]]&"-"&tbl_BOQs[[#This Row],[Contractor]] -> w1_8-C1 | B53: Room and external finishing works | C53: 08 | D53: w1_8 | E53: C1 | F53: 1.8 Install clear/frosted glass for doors and windows | G53: 1.8 تركيب زجاج عادي أو مجلتن للنوافذ والأبواب | H53: 1.8 Install clear/frosted glass for doors and windows | I53: 1.8 تركيب زجاج عادي أو مجلتن للنوافذ والأبواب | K53: 528 | L53: 10 | M53: =tbl_BOQs[[#This Row],[Cost]]*tbl_BOQs[[#This Row],[Quantities]] -> 5280
A54: =tbl_BOQs[[#This Row],[BOQ ID]]&"-"&tbl_BOQs[[#This Row],[Contractor]] -> w1_9-C1 | B54: Room and external finishing works | C54: 09 | D54: w1_9 | E54: C1 | F54: 1.9 Supply & install wooden joinery with accessories | G54: 1.9 تقديم وتركيب منجور خشبي مع الإكسسوارات | H54: 1.9 Supply & install wooden joinery with accessories | I54: 1.9 تقديم وتركيب منجور خشبي مع الإكسسوارات | K54: 2150 | L54: 64 | M54: =tbl_BOQs[[#This Row],[Cost]]*tbl_BOQs[[#This Row],[Quantities]] -> 137600
A55: =tbl_BOQs[[#This Row],[BOQ ID]]&"-"&tbl_BOQs[[#This Row],[Contractor]] -> w1_10-C1 | B55: Room and external finishing works | C55: 10 | D55: w1_10 | E55: C1 | F55: 1.10 Supply & install metal joinery with glass | G55: 1.10 تقديم وتركيب منجور معدني مع الزجاج | H55: 1.10 Supply & install metal joinery with glass | I55: 1.10 تقديم وتركيب منجور معدني مع الزجاج | K55: 11500 | L55: 3 | M55: =tbl_BOQs[[#This Row],[Cost]]*tbl_BOQs[[#This Row],[Quantities]] -> 34500
A56: =tbl_BOQs[[#This Row],[BOQ ID]]&"-"&tbl_BOQs[[#This Row],[Contractor]] -> w1_11-C1 | B56: Room and external finishing works | C56: 11 | D56: w1_11 | E56: C1 | F56: 1.11 Supply & install PVC joinery | G56: 1.11 تقديم وتركيب منجور PVC | H56: 1.11 Supply & install PVC joinery | I56: 1.11 تقديم وتركيب منجور PVC | K56: 6200 | L56: 56 | M56: =tbl_BOQs[[#This Row],[Cost]]*tbl_BOQs[[#This Row],[Quantities]] -> 347200
A57: =tbl_BOQs[[#This Row],[BOQ ID]]&"-"&tbl_BOQs[[#This Row],[Contractor]] -> w1_12-C1 | B57: Room and external finishing works | C57: 12 | D57: w1_12 | E57: C1 | F57: 1.12 Install 3 cm marble door thresholds | G57: 1.12 تركيب وزرة رخام للأبواب (سماكة 3 سم) | H57: 1.12 Install 3 cm marble door thresholds | I57: 1.12 تركيب وزرة رخام للأبواب (سماكة 3 سم) | K57: 51 | L57: 10 | M57: =tbl_BOQs[[#This Row],[Cost]]*tbl_BOQs[[#This Row],[Quantities]] -> 510
A58: =tbl_BOQs[[#This Row],[BOQ ID]]&"-"&tbl_BOQs[[#This Row],[Contractor]] -> w1_13-C1 | B58: Room and external finishing works | C58: 13 | D58: w1_13 | E58: C1 | F58: 1.13 Install stainless steel handrails for PWD | G58: 1.13 تركيب درابزونات ستانلس ستيل لذوي الاحتياجات الخاصة | H58: 1.13 Install stainless steel handrails for PWD | I58: 1.13 تركيب درابزونات ستانلس ستيل لذوي الاحتياجات الخاصة | K58: 49 | L58: 20 | M58: =tbl_BOQs[[#This Row],[Cost]]*tbl_BOQs[[#This Row],[Quantities]] -> 980
A59: =tbl_BOQs[[#This Row],[BOQ ID]]&"-"&tbl_BOQs[[#This Row],[Contractor]] -> w1_14-C1 | B59: Room and external finishing works | C59: 14 | D59: w1_14 | E59: C1 | F59: 1.14 Construct ramp for PWD | G59: 1.14 إنشاء رامب لذوي الاحتياجات الخاصة | H59: 1.14 Construct ramp for PWD | I59: 1.14 إنشاء رامب لذوي الاحتياجات الخاصة | K59: 32 | L59: 20 | M59: =tbl_BOQs[[#This Row],[Cost]]*tbl_BOQs[[#This Row],[Quantities]] -> 640
A60: =tbl_BOQs[[#This Row],[BOQ ID]]&"-"&tbl_BOQs[[#This Row],[Contractor]] -> w2_1-C1 | B60: Kitchen and wet area works | C60: 15 | D60: w2_1 | E60: C1 | F60: 2.1 Install chrome water mixer with brass core | G60: 2.1 تركيب خلاط مياه كروم مع قلب نحاسي | H60: 2.1 Install chrome water mixer with brass core | I60: 2.1 تركيب خلاط مياه كروم مع قلب نحاسي | K60: 166 | L60: 23 | M60: =tbl_BOQs[[#This Row],[Cost]]*tbl_BOQs[[#This Row],[Quantities]] -> 3818
A61: =tbl_BOQs[[#This Row],[BOQ ID]]&"-"&tbl_BOQs[[#This Row],[Contractor]] -> w2_2-C1 | B61: Kitchen and wet area works | C61: 16 | D61: w2_2 | E61: C1 | F61: 2.2 Install ceramic floor tiles | G61: 2.2 تركيب سيراميك للأرضيات | H61: 2.2 Install ceramic floor tiles | I61: 2.2 تركيب سيراميك للأرضيات | K61: 650 | L61: 12 | M61: =tbl_BOQs[[#This Row],[Cost]]*tbl_BOQs[[#This Row],[Quantities]] -> 7800
A62: =tbl_BOQs[[#This Row],[BOQ ID]]&"-"&tbl_BOQs[[#This Row],[Contractor]] -> w2_3-C1 | B62: Kitchen and wet area works | C62: 17 | D62: w2_3 | E62: C1 | F62: 2.3 Install ceramic wall tiles | G62: 2.3 تركيب سيراميك للجدران | H62: 2.3 Install ceramic wall tiles | I62: 2.3 تركيب سيراميك للجدران | K62: 650 | L62: 12 | M62: =tbl_BOQs[[#This Row],[Cost]]*tbl_BOQs[[#This Row],[Quantities]] -> 7800
A63: =tbl_BOQs[[#This Row],[BOQ ID]]&"-"&tbl_BOQs[[#This Row],[Contractor]] -> w2_4-C1 | B63: Kitchen and wet area works | C63: 18 | D63: w2_4 | E63: C1 | F63: 2.4 Install 2.2m mosaic sink with stone splashback | G63: 2.4 تركيب مجلى موزاييك (2.2 م) مع وقافيات حجر | H63: 2.4 Install 2.2m mosaic sink with stone splashback | I63: 2.4 تركيب مجلى موزاييك (2.2 م) مع وقافيات حجر | K63: 164 | L63: 80 | M63: =tbl_BOQs[[#This Row],[Cost]]*tbl_BOQs[[#This Row],[Quantities]] -> 13120
A64: =tbl_BOQs[[#This Row],[BOQ ID]]&"-"&tbl_BOQs[[#This Row],[Contractor]] -> w2_5-C1 | B64: Kitchen and wet area works | C64: 19 | D64: w2_5 | E64: C1 | F64: 2.5 Install squat toilet | G64: 2.5 تركيب مرحاض أرضي (بطة) | H64: 2.5 Install squat toilet | I64: 2.5 تركيب مرحاض أرضي (بطة) | K64: 32 | L64: 40 | M64: =tbl_BOQs[[#This Row],[Cost]]*tbl_BOQs[[#This Row],[Quantities]] -> 1280
A65: =tbl_BOQs[[#This Row],[BOQ ID]]&"-"&tbl_BOQs[[#This Row],[Contractor]] -> w2_6-C1 | B65: Kitchen and wet area works | C65: 20 | D65: w2_6 | E65: C1 | F65: 2.6 Install WC toilet | G65: 2.6 تركيب كرسي تواليت | H65: 2.6 Install WC toilet | I65: 2.6 تركيب كرسي تواليت | K65: 65 | L65: 100 | M65: =tbl_BOQs[[#This Row],[Cost]]*tbl_BOQs[[#This Row],[Quantities]] -> 6500
A66: =tbl_BOQs[[#This Row],[BOQ ID]]&"-"&tbl_BOQs[[#This Row],[Contractor]] -> w2_7-C1 | B66: Kitchen and wet area works | C66: 21 | D66: w2_7 | E66: C1 | F66: 2.7 Install single water tap with brass core | G66: 2.7 تركيب حنفية مياه مفردة مع قلب نحاسي | H66: 2.7 Install single water tap with brass core | I66: 2.7 تركيب حنفية مياه مفردة مع قلب نحاسي | K66: 480 | L66: 4 | M66: =tbl_BOQs[[#This Row],[Cost]]*tbl_BOQs[[#This Row],[Quantities]] -> 1920
... A88: =tbl_BOQs[[#This Row],[BOQ ID]]&"-"&tbl_BOQs[[#This Row],[Contractor]] -> w6_1-C1 | B88: Roof insulation works | C88: 43 | D88: w6_1 | E88: C1 | F88: 6.1 Acrylic elastic roof waterproofing | G88: 6.1 عزل مطاطي (أكريليك) للأسطح | H88: 6.1 Acrylic elastic roof waterproofing | I88: 6.1 عزل مطاطي (أكريليك) للأسطح | K88: 29226 | L88: 1 | M88: =tbl_BOQs[[#This Row],[Cost]]*tbl_BOQs[[#This Row],[Quantities]] -> 29226

Sheet Contractors
A1: # | B1: Code | C1: Type | D1: Company EN | E1: Ceiling amount of this contract
A2: 1 | B2: C1 | C2: Rehabilitation
B3: C2
B4: C3

Sheet List
B3: Data Entry | D3: رقم | E3: الحالة بالعربية | F3: الحالة بالإنجليزية | G3: الوصف المختصر | H3: Damage | I3: كود اللون | K3: Code | L3: item_ar | M3: item_en
B4: مصطفى خطاب | D4: 1 | E4: لا يوجد ضرر أو ضرر طفيف جدًا | F4: No or Negligible Damage | G4: لا يوجد ضرر إنشائي، المبنى آمن ووظيفي بالكامل | H4: =tbl_Damage[[#This Row],[الحالة بالإنجليزية]]&"/"&tbl_Damage[[#This Row],[الحالة بالعربية]] -> No or Negligible Damage/لا يوجد ضرر أو ضرر طفيف جدًا | I4: 🟩 #00B050 | K4: main_1 | L4: أعمال الغرف والتشطيبات الخارجية | M4: Room and external finishing works
B5: فادي عموري | D5: 2 | E5: ضرر خفيف | F5: Minor Damage | G5: أضرار سطحية في بعض الجدران أو الأبواب أو النوافذ دون تأثير على السلامة | H5: =tbl_Damage[[#This Row],[الحالة بالإنجليزية]]&"/"&tbl_Damage[[#This Row],[الحالة بالعربية]] -> Minor Damage/ضرر خفيف | I5: 🟩 #92D050 | K5: main_2 | L5: أعمال المطبخ ودورات المياه | M5: Kitchen and wet area works
B6: احمد الصالح | D6: 3 | E6: ضرر متوسط | F6: Moderate Damage | G6: أضرار متوسطة في الجدران أو الفتحات؛ الهيكل الإنشائي سليم جزئيًا | H6: =tbl_Damage[[#This Row],[الحالة بالإنجليزية]]&"/"&tbl_Damage[[#This Row],[الحالة بالعربية]] -> Moderate Damage/ضرر متوسط | I6: 🟧 #FFC000 | K6: main_3 | L6: أعمال الكهرباء | M6: Electrical works
B7: محمد برهوم | D7: 4 | E7: ضرر شديد | F7: Heavy Damage | G7: بعض العناصر الإنشائية تضررت؛ المبنى غير آمن جزئيًا | H7: =tbl_Damage[[#This Row],[الحالة بالإنجليزية]]&"/"&tbl_Damage[[#This Row],[الحالة بالعربية]] -> Heavy Damage/ضرر شديد | I7: 🟠 #ED7D31 | K7: main_4 | L7: أعمال التمديدات الصحية والسباكة | M7: Sanitary and drainage works
B8: عبد الرزاق بكور | D8: 5 | E8: ضرر بالغ | F8: Severe Damage | G8: أضرار إنشائية واسعة تتطلب إصلاحات كبيرة؛ المبنى غير آمن | H8: =tbl_Damage[[#This Row],[الحالة بالإنجليزية]]&"/"&tbl_Damage[[#This Row],[الحالة بالعربية]] -> Severe Damage/ضرر بالغ | I8: 🟥 #C00000 | K8: main_5 | L8: تمديدات المياه الحلوة | M8: Fresh water supply works
B9: عمر خليفة | D9: 6 | E9: مهدوم | F9: Destroyed | G9: انهيار كلي أو شبه كلي للمبنى؛ غير صالح للسكن | H9: =tbl_Damage[[#This Row],[الحالة بالإنجليزية]]&"/"&tbl_Damage[[#This Row],[الحالة بالعربية]] -> Destroyed/مهدوم | I9: ⬛ #000000 | K9: main_6 | L9: أعمال عزل الأسطح | M9: Roof insulation works
B10: عبد القادر سرحان
B11: فرزت حميدي
B12: احمد عيدي
D13: رقم | E13: الحالة بالعربية | F13: الحالة بالإنجليزية | G13: الوصف المختصر | H13: Assessment_Status | I13: كود اللون
B14: Activity Name | D14: 1 | E14: مقبول | F14: Accepted | G14: تمت الموافقة على الحالة دون شروط إضافية | H14: =tbl_Assessment_Status[[#This Row],[الحالة بالإنجليزية]]&"/"&tbl_Assessment_Status[[#This Row],[الحالة بالعربية]] -> Accepted/مقبول | I14: 🟩 #00B050
B15: Rehabilitation | D15: 2 | E15: مقبول شرطي | F15: Conditionally Accepted | G15: الموافقة مشروطة باستكمال أو تصحيح بعض المتطلبات | H15: =tbl_Assessment_Status[[#This Row],[الحالة بالإنجليزية]]&"/"&tbl_Assessment_Status[[#This Row],[الحالة بالعربية]] -> Conditionally Accepted/مقبول شرطي | I15: 🟨 #FFD966
D16: 3 | E16: مرفوض | F16: Rejected | G16: لم تتم الموافقة بسبب عدم استيفاء المعايير أو الأهلية | H16: =tbl_Assessment_Status[[#This Row],[الحالة بالإنجليزية]]&"/"&tbl_Assessment_Status[[#This Row],[الحالة بالعربية]] -> Rejected/مرفوض | I16: 🟥 #FA8697
D19: رقم | E19: الحالة بالعربية | F19: الحالة بالإنجليزية | G19: House Status | H19: كود اللون
D20: 2 | E20: الترميم متوقف بشكل مؤقت | F20: Temporarily Suspended | G20: =tbl_House_Status[[#This Row],[الحالة بالإنجليزية]]&"/"&tbl_House_Status[[#This Row],[الحالة بالعربية]] -> Temporarily Suspended/الترميم متوقف بشكل مؤقت | H20: 🟨 #ED7D31
D21: 3 | E21: قيد الترميم | F21: Under Rehabilitation | G21: =tbl_House_Status[[#This Row],[الحالة بالإنجليزية]]&"/"&tbl_House_Status[[#This Row],[الحالة بالعربية]] -> Under Rehabilitation/قيد الترميم | H21: 🟧 #1DB9C3
D22: 4 | E22: تم الانتهاء من الترميم | F22: Rehabilitation Completed | G22: =tbl_House_Status[[#This Row],[الحالة بالإنجليزية]]&"/"&tbl_House_Status[[#This Row],[الحالة بالعربية]] -> Rehabilitation Completed/تم الانتهاء من الترميم | H22: 🟩 #00B050

Sheet 181-UNDP Houses Rehab Applic
A1: _index | B1: تاريخ الارسال | C1: الاسم الأول | D1: اسم الأب | E1: الكنية | F1: اسم الأم كما هو مذكور في الهوية | G1: الجنس | H1: تاريخ الميلاد كما هو مذكور في الهوية | I1: الحالة الاجتماعية | J1: الاسم الثلاثي للزوج أو الزوجة (إن وجد) | K1: نوع الوثيقة الشخصية | L1: يرجى تحديد نوع الوثيقة في حال اختيار “أخرى” | M1: رقم الوثيقة الشخصية (الرقم الوطني) | N1: صورة الوثيقة الشخصية (الوجه الأول) | O1: صورة الوثيقة الشخصية (الوجه الأول)_URL | P1: صورة الوثيقة الشخصية (الوجه الثاني) | Q1: صورة الوثيقة الشخصية (الوجه الثاني)_URL | R1: المحافظة | S1: المنطقة | T1: الناحية | U1: العنوان التفصيلي لمكان السكن الحالي | V1: رقم الهاتف الرئيسي (واتساب إن أمكن) | W1: رقم هاتف بديل (إضافي) | X1: هل مالك المنزل من الأشخاص ذوي الإعاقة؟ | Y1: يرجى تحديد نوع الإعاقة (في حال الإجابة بنعم) | Z1: يرجى تحديد نوع الإعاقة (في حال الإجابة بنعم)/باستخدام اللغة المعتادة ، هل تجد صعوبة في التواصل ، على سبيل المثال الفهم على الناس أو أن يفهمك الناس؟ | AA1: يرجى تحديد نوع الإعاقة (في حال الإجابة بنعم)/هل تجد صعوبة في الرؤية حتى لو كنت ترتدي نظارة؟ | AB1: يرجى تحديد نوع الإعاقة (في حال الإجابة بنعم)/هل لديك صعوبة في السمع ، حتى لو كنت تستخدم المعينات السمعية؟ | AC1: يرجى تحديد نوع الإعاقة (في حال الإجابة بنعم)/هل تجد صعوبة في المشي أو صعود السلم؟ | AD1: يرجى تحديد نوع الإعاقة (في حال الإجابة بنعم)/هل تجد صعوبة في التذكر أو التركيز؟ | AE1: يرجى تحديد نوع الإعاقة (في حال الإجابة بنعم)/هل لديك صعوبة في الرعاية الذاتية ، مثل غسل الملابس أو ارتداء الملابس؟ | AF1: درجة الصعوبة في التواصل مع الآخرين | AG1: درجة الصعوبة في الرؤية | AH1: درجة الصعوبة في السمع | AI1: درجة الصعوبة في الحركة | AJ1: درجة الصعوبة في التركيز أو التذكر | AK1: درجة الصعوبة في الرعاية الذاتية | AL1: هل تعاني من أمراض مزمنة؟ | AM1: يرجى تحديد نوع أو أنواع الأمراض المزمنة | AN1: يرجى تحديد نوع أو أنواع الأمراض المزمنة/سكري | AO1: يرجى تحديد نوع أو أنواع الأمراض المزمنة/قلب | AP1: يرجى تحديد نوع أو أنواع الأمراض المزمنة/صرع | AQ1: يرجى تحديد نوع أو أنواع الأمراض المزمنة/روماتيزم | AR1: يرجى تحديد نوع أو أنواع الأمراض المزمنة/اخرى | AS1: ملاحظات إضافية تتعلق بالحالة الصحية (إن وجدت) | AT1: نوع معيل الأسرة | AU1: عدد العائلات المقيمة في نفس المنزل | AV1: عدد أفراد الأسرة (بما فيهم مالك المنزل) | AW1: <span style="background-color:#CD6155; color:white"> تفاصيل أفراد الاسرة </span> | AX1: عدد الرجال (العمر أكبر من 18 سنة) | AY1: عدد النساء (العمر أكبر من 18 سنة) | AZ1: عدد الشباب الذكور (من 12 إلى 17 سنة) | BA1: عدد الفتيات الإناث (من 12 إلى 17 سنة) | BB1: عدد الأطفال الذكور (دون سن 12 سنة) | BC1: عدد الأطفال الإناث (دون سن 12 سنة) | BD1: عدد أفراد الأسرة من كبار السن (60 سنة فأكثر) | BE1: عدد النساء المرضعات | BF1: عدد النساء الحوامل | BG1: عدد النساء المطلقات | BH1: عدد النساء الأرامل | BI1: عدد الأطفال المنفصلين عن ذويهم | BJ1: عدد أفراد الأسرة من ذوي الإعاقة | BK1: ما هو مصدر الدخل الرئيسي للأسرة؟ | BL1: عدد الأفراد العاملين في الأسرة | BM1: ما هي حالة إقامتك في المنطقة؟ | BN1: القرية | BO1: عنوان المنزل الكامل | BP1: _إحداثيات الموقع الجغرافي للمنزل (GPS)_latitude | BQ1: _إحداثيات الموقع الجغرافي للمنزل (GPS)_longitude | BR1: حالة الاقامة في المنزل | BS1: هل لديك وثيقة اثبات ملكية حديث؟ | BT1: نوع وثيقة الملكية | BU1: تاريخ إصدار وثيقة الملكية | BV1: صورة وثيقة الملكية | BW1: صورة وثيقة الملكية_URL | BX1: نوع المنزل | BY1: عدد الغرف (بما فيها الصالون) | BZ1: رقم الطابق الذي يقع فيه المنزل | CA1: مساحة المنزل بالمتر المربع | CB1: هل يملك المنزل أو الشقة جدرانًا خارجية سليمة ولا يحتاج إلى أعمال بناء (بلوك) خارجية؟ | CC1: هل يملك المنزل أو الشقة جدرانًا داخلية مكتملة ولا يحتاج إلى أعمال بناء (بلوك) داخلية؟ | CD1: هل يملك المنزل أو الشقة سقفًا وسلالم (أدراج) سليمة؟ | CE1: هل توجد أية أضرار إنشائية في المنزل أو الشقة؟ | CF1: هل المرافق (المياه والصرف) عاملة أم مجرد بناء؟ | CG1: هل المنزل موصول بنظام صرف صحي أو حفرة فنية؟ | CH1: هل مستوى المنزل أخفض من مستوى الأرض (قبو)؟ | CI1: هل المنزل عبارة عن ملحق؟ | CJ1: وصف حالة الضرر من وجهة نظرك كمالك للمنزل | CK1: صورة الواجهة الأمامية للمنزل | CL1: صورة الواجهة الأمامية للمنزل_URL | CM1: صورة للمنزل من الداخل | CN1: صورة للمنزل من الداخل_URL | CO1: صورة توضح حالة الجدران | CP1: صورة توضح حالة الجدران_URL | CQ1: صورة توضح حالة الأعمدة | CR1: صورة توضح حالة الأعمدة_URL | CS1: صورة توضح حالة السقف | CT1: صورة توضح حالة السقف_URL | CU1: صورة توضح حالة المرافق (المطبخ) | CV1: صورة توضح حالة المرافق (المطبخ)_URL | CW1: صورة توضح حالة المرافق (الحمام) | CX1: صورة توضح حالة المرافق (الحمام)_URL | CY1: صورة توضح حالة المرافق (التواليت) | CZ1: صورة توضح حالة المرافق (التواليت)_URL | DA1: هل يتوفر وصول آمن إلى المنزل؟ | DB1: في حال عدم توفر الوصول الآمن، يرجى توضيح الأسباب | DC1: في حال عدم توفر الوصول الآمن، يرجى توضيح الأسباب/مخلفات حرب (ألغام، ذخائر غير منفجرة) | DD1: في حال عدم توفر الوصول الآمن، يرجى توضيح الأسباب/نزاع ملكية أو خلاف قانوني | DE1: في حال عدم توفر الوصول الآمن، يرجى توضيح الأسباب/طريق مسدود بالأنقاض أو الركام | DF1: في حال عدم توفر الوصول الآمن، يرجى توضيح الأسباب/انهيار مبانٍ مجاورة تعيق الوصول | DG1: في حال عدم توفر الوصول الآمن، يرجى توضيح الأسباب/مبانٍ غير مستقرة أو مهددة بالانهيار في الطريق | DH1: في حال عدم توفر الوصول الآمن، يرجى توضيح الأسباب/منطقة عسكرية أو مغلقة | DI1: في حال عدم توفر الوصول الآمن، يرجى توضيح الأسباب/عائق طبيعي (سيول، مجرى مائي، انهيار أرضي) | DJ1: في حال عدم توفر الوصول الآمن، يرجى توضيح الأسباب/سوء حالة الطرق أو انعدام الجسور | DK1: في حال عدم توفر الوصول الآمن، يرجى توضيح الأسباب/مخاطر أمنية أو نشاط مسلح قريب | DL1: في حال عدم توفر الوصول الآمن، يرجى توضيح الأسباب/غير ذلك يرجى تحديده | DM1: يرجى تحديد سبب آخر إن وجد | DN1: هل لدى مالك المنزل طلبات استفادة أخرى ضمن مشاريع مشابهة؟ | DO1: ملاحظات إضافية أو تعليقات عامة (اختياري) | DP1: Contractor
A2: 1 | B2: 45993 | C2: ياسر | D2: محمد | E2: سليمان | F2: وفيقة | G2: ذكر | H2: 24873 | I2: متزوج/ة | J2: ملكة علي الحلاق | K2: أخرى | L2: هوية مجلس محلي | M2: 88616312411 | N2: 1764584951184.jpg | O2: https://eu.kobotoolbox.org/api/v2/assets/asidN676GwD9kVUoocseLY/data/728635896/attachments/attXRYWahxJjPsnEvDBEh7Qf/ | P2: 1764584967477.jpg | Q2: https://eu.kobotoolbox.org/api/v2/assets/asidN676GwD9kVUoocseLY/data/728635896/attachments/att9RS86EenKmMKhqMHcVCec/ | R2: ريف دمشق | S2: مركز ريف دمشق | T2: عربين | U2: حي المزرعة قرب مدرسة المازن | V2: 996832217 | X2: لا | AL2: لا | AT2: غير ذلك | AU2: 2 | AV2: 10 | AX2: 3 | AY2: 3 | AZ2: 0 | BA2: 2 | BB2: 0 | BC2: 2 | BD2: 0 | BE2: 0 | BF2: 0 | BG2: 1 | BH2: 0 | BI2: 1 | BJ2: 0 | BK2: أخرى | BL2: 2 | BM2: عائد من النزوح الداخلي | BN2: زملكا | BO2: حي المزرعة قرب المدرسة | BP2: 33.523905 | BQ2: 36.359193 | BR2: مهجّر عائد | BS2: لا | BX2: منزل مستقل | BY2: 3 | BZ2: 0 | CA2: 70 | CB2: نعم | CC2: نعم | CD2: لا | CE2: لا | CF2: تعمل | CG2: نعم | CH2: لا | CI2: لا | CJ2: ضرر خفيف | CK2: 1764586172363.jpg | CL2: https://eu.kobotoolbox.org/api/v2/assets/asidN676GwD9kVUoocseLY/data/728635896/attachments/attPUxtSBwhonzhfD7eYsD9e/ | CM2: 1764586219989.jpg | CN2: https://eu.kobotoolbox.org/api/v2/assets/asidN676GwD9kVUoocseLY/data/728635896/attachments/attouVW64h6hB2UjtU3poxdV/ | CO2: 1764586266797.jpg | CP2: https://eu.kobotoolbox.org/api/v2/assets/asidN676GwD9kVUoocseLY/data/728635896/attachments/attrWLdNJyfhjpLtFL4vKXei/ | CQ2: 1764586423687.jpg | CR2: https://eu.kobotoolbox.org/api/v2/assets/asidN676GwD9kVUoocseLY/data/728635896/attachments/attPah2tSYfVNpQWKhJ7z5A3/ | CS2: 1764586301492.jpg | CT2: https://eu.kobotoolbox.org/api/v2/assets/asidN676GwD9kVUoocseLY/data/728635896/attachments/att3RRPqS8RXh8BVJX4mU6va/ | CU2: 1764586321473.jpg | CV2: https://eu.kobotoolbox.org/api/v2/assets/asidN676GwD9kVUoocseLY/data/728635896/attachments/attrrpWMnsHdaszsvUR8u7Sk/ | CW2: 1764586346872.jpg | CX2: https://eu.kobotoolbox.org/api/v2/assets/asidN676GwD9kVUoocseLY/data/728635896/attachments/attmefK9GQtZEthGeaYTnWYr/ | CY2: 1764586369281.jpg | CZ2: https://eu.kobotoolbox.org/api/v2/assets/asidN676GwD9kVUoocseLY/data/728635896/attachments/attH5bjgheX27o4xaL4uhNr9/ | DA2: نعم | DN2: لا | DO2: المساعدة ما امكن مع تزكية من المختار | DP2: C3
A3: 2 | B3: 45993 | C3: مهند | D3: محمد جمال | E3: كنهوش | F3: منى | G3: ذكر | H3: 31966 | I3: متزوج/ة | J3: مرفت محمد ازرق | K3: إخراج قيد | M3: 12160045285 | N3: 1764589194191.jpg | O3: https://eu.kobotoolbox.org/api/v2/assets/asidN676GwD9kVUoocseLY/data/728635942/attachments/attjWKQC4TPStVCop7nPg7zb/ | P3: 1764589260084.jpg | Q3: https://eu.kobotoolbox.org/api/v2/assets/asidN676GwD9kVUoocseLY/data/728635942/attachments/attWEWQDN8mnXTvSgyBMpEpd/ | R3: ريف دمشق | S3: مركز ريف دمشق | T3: عربين | U3: حي المزرعة قرب مسجد التوفبق | V3: 942570442 | X3: لا | AL3: نعم | AM3: سكري | AN3: 1 | AO3: 0 | AP3: 0 | AQ3: 0 | AR3: 0 | AT3: غير ذلك | AU3: 1 | AV3: 6 | AX3: 1 | AY3: 1 | AZ3: 0 | BA3: 0 | BB3: 1 | BC3: 3 | BD3: 0 | BE3: 0 | BF3: 0 | BG3: 0 | BH3: 0 | BI3: 0 | BJ3: 0 | BK3: عمل حكومي | BL3: 0 | BM3: عائد من اللجوء الخارجي | BN3: زملكا | BO3: حي المزرعة قرب مسجد التوفيق | BP3: 33.524503 | BQ3: 36.362383 | BR3: مالك | BS3: نعم | BT3: عقد بيع/شراء (كاتب عدل) | BU3: 40415 | BV3: 1764589689210.jpg | BW3: https://eu.kobotoolbox.org/api/v2/assets/asidN676GwD9kVUoocseLY/data/728635942/attachments/att54dQpNVHuPbewD3RTmQTq/ | BX3: شقة طابقية | BY3: 2 | BZ3: 2 | CA3: 45 | CB3: نعم | CC3: نعم | CD3: نعم | CE3: نعم | CF3: لا تعمل | CG3: لا | CH3: لا | CI3: لا | CJ3: ضرر متوسط | CK3: 1764589934698.jpg | CL3: https://eu.kobotoolbox.org/api/v2/assets/asidN676GwD9kVUoocseLY/data/728635942/attachments/attUCJCH7MtPAMqmVhwHTssU/ | CM3: 1764589972392.jpg | CN3: https://eu.kobotoolbox.org/api/v2/assets/asidN676GwD9kVUoocseLY/data/728635942/attachments/att43wnah4CBwkRYYRfEKPtF/ | CO3: 1764590000177.jpg | CP3: https://eu.kobotoolbox.org/api/v2/assets/asidN676GwD9kVUoocseLY/data/728635942/attachments/attud4btVN6ccEPaWFVgqDc2/ | CQ3: 1764590026001.jpg | CR3: https://eu.kobotoolbox.org/api/v2/assets/asidN676GwD9kVUoocseLY/data/728635942/attachments/attDTtFhZtbdj6GSrmH6ooJh/ | CS3: 1764590046586.jpg | CT3: https://eu.kobotoolbox.org/api/v2/assets/asidN676GwD9kVUoocseLY/data/728635942/attachments/attmjR89r64qDpXTtDXHUkAn/ | CU3: 1764590072667.jpg | CV3: https://eu.kobotoolbox.org/api/v2/assets/asidN676GwD9kVUoocseLY/data/728635942/attachments/atteJdzcz95JJVEHXpeQNMkC/ | CW3: 1764590092245.jpg | CX3: https://eu.kobotoolbox.org/api/v2/assets/asidN676GwD9kVUoocseLY/data/728635942/attachments/attzEgRyj6YB9ad8w76hqTy7/ | CY3: 1764590120870.jpg | CZ3: https://eu.kobotoolbox.org/api/v2/assets/asidN676GwD9kVUoocseLY/data/728635942/attachments/attxW5N2qsQAG3edRhzjEP3h/ | DA3: نعم | DN3: لا | DO3: المساعدة ما امكن بتزكية المختار وعضو مكتب تنفيذي | DP3: C3
A4: 3 | B4: 45993 | C4: ميساء | D4: مصطفى | E4: نوح | F4: عائده رحمه | G4: أنثى | H4: 27839 | I4: أرمل/أرملة | K4: هوية شخصية | M4: 3330025285 | N4: 1764587150632.jpg | O4: https://eu.kobotoolbox.org/api/v2/assets/asidN676GwD9kVUoocseLY/data/728642897/attachments/attgDm3sLUrnwWdwFUWmmQ65/ | P4: 1764587160497.jpg | Q4: https://eu.kobotoolbox.org/api/v2/assets/asidN676GwD9kVUoocseLY/data/728642897/attachments/attwBFyvUhe9czM8wNFHaBST/ | R4: ريف دمشق | S4: مركز ريف دمشق | T4: عربين | U4: زملكا المزرعة خلف بيت اب اركيلة | V4: 953240910 | X4: لا | AL4: نعم | AM4: اخرى | AN4: 0 | AO4: 0 | AP4: 0 | AQ4: 0 | AR4: 1 | AS4: مرض الغدة | AT4: غير ذلك | AU4: 1 | AV4: 4 | AX4: 1 | AY4: 2 | AZ4: 0 | BA4: 1 | BB4: 0 | BC4: 0 | BD4: 1 | BE4: 0 | BF4: 0 | BG4: 0 | BH4: 1 | BI4: 0 | BJ4: 1 | BK4: مساعدات إنسانية فقط | BL4: 1 | BM4: عائد من النزوح الداخلي | BN4: زملكا | BO4: زملكا المزرعة خلف بيت ابو اركيلة | BP4: 33.523453 | BQ4: 36.360264 | BR4: مالك | BS4: نعم | BT4: طابو | BU4: 31628 | BV4: 1764587882902.jpg | BW4: https://eu.kobotoolbox.org/api/v2/assets/asidN676GwD9kVUoocseLY/data/728642897/attachments/attwfze2F6abNcieBgpKDp5W/ | BX4: شقة طابقية | BY4: 3 | BZ4: 0 | CA4: 100 | CB4: نعم | CC4: نعم | CD4: نعم | CE4: لا | CF4: تعمل | CG4: نعم | CH4: لا | CI4: لا | CJ4: ضرر خفيف | CK4: 1764587931729.jpg | CL4: https://eu.kobotoolbox.org/api/v2/assets/asidN676GwD9kVUoocseLY/data/728642897/attachments/atticqeCCFnAsEFwUgLMDw6L/ | CM4: 1764587953768.jpg | CN4: https://eu.kobotoolbox.org/api/v2/assets/asidN676GwD9kVUoocseLY/data/728642897/attachments/attJWHFkQRxMnKj8k7paeCkw/ | CO4: 1764587961845.jpg | CP4: https://eu.kobotoolbox.org/api/v2/assets/asidN676GwD9kVUoocseLY/data/728642897/attachments/attXiAtJvhLtAi6rUnmujWU4/ | CQ4: 1764587991502.jpg | CR4: https://eu.kobotoolbox.org/api/v2/assets/asidN676GwD9kVUoocseLY/data/728642897/attachments/attz2amiULvQaFYrk9m67Vqe/ | CS4: 1764587974382.jpg | CT4: https://eu.kobotoolbox.org/api/v2/assets/asidN676GwD9kVUoocseLY/data/728642897/attachments/attTZLtBA3fz85sJfBpeHCPu/ | CU4: 1764588071632.jpg | CV4: https://eu.kobotoolbox.org/api/v2/assets/asidN676GwD9kVUoocseLY/data/728642897/attachments/attjiypVByqnRSAAdZcqqfsw/ | CW4: 1764588036003.jpg | CX4: https://eu.kobotoolbox.org/api/v2/assets/asidN676GwD9kVUoocseLY/data/728642897/attachments/attVyeC3aWvXC89j3kHJC9xY/ | CY4: 1764588049231.jpg | CZ4: https://eu.kobotoolbox.org/api/v2/assets/asidN676GwD9kVUoocseLY/data/728642897/attachments/attB7dffXfpgpUtSr6PTWTfn/ | DA4: نعم | DN4: لا | DP4: C3
A5: 4 | B5: 45993 | C5: محمد محروس | D5: محمد نادر | E5: الزيبق | F5: حميده دياني | G5: ذكر | H5: 22985 | I5: متزوج/ة | J5: سناء خالد السمان | K5: هوية شخصية | M5: 3330038428 | N5: 1764588440238.jpg | O5: https://eu.kobotoolbox.org/api/v2/assets/asidN676GwD9kVUoocseLY/data/728642983/attachments/attk2kbWbxV4SXf29UwujiVf/ | P5: 1764588449538.jpg | Q5: https://eu.kobotoolbox.org/api/v2/assets/asidN676GwD9kVUoocseLY/data/728642983/attachments/attqQSnyb2zos5NFjqRQMAt2/ | R5: ريف دمشق | S5: مركز ريف دمشق | T5: عربين | U5: زملكا المزرعة جانب جامع التوفيق | V5: 931607885 | X5: لا | AL5: نعم | AM5: قلب | AN5: 0 | AO5: 1 | AP5: 0 | AQ5: 0 | AR5: 0 | AT5: منزل يعيله رجل كبير بالسن (فوق 60 سنة) | AU5: 1 | AV5: 8 | AX5: 3 | AY5: 5 | AZ5: 0 | BA5: 0 | BB5: 0 | BC5: 0 | BD5: 0 | BE5: 0 | BF5: 0 | BG5: 0 | BH5: 0 | BI5: 0 | BJ5: 0 | BK5: لا يوجد مصدر دخل | BL5: 2 | BM5: مقيم ولم أنزح | BN5: زملكا | BO5: زملكا المزرعة جنب جامع التوفيق | BP5: 33.5236 | BQ5: 36.361552 | BR5: مالك | BS5: نعم | BT5: حكم محكمة | BU5: 36288 | BV5: 1764588791108.jpg | BW5: https://eu.kobotoolbox.org/api/v2/assets/asidN676GwD9kVUoocseLY/data/728642983/attachments/attRo4CviAYuUKZQqWtsmvom/ | BX5: شقة طابقية | BY5: 2 | BZ5: 3 | CA5: 65 | CB5: نعم | CC5: نعم | CD5: نعم | CE5: لا | CF5: تعمل | CG5: نعم | CH5: لا | CI5: نعم | CJ5: ضرر متوسط | CK5: 1764588853548.jpg | CL5: https://eu.kobotoolbox.org/api/v2/assets/asidN676GwD9kVUoocseLY/data/728642983/attachments/att92dFkXmvTTjFokkBrTVQd/ | CM5: 1764588865251.jpg | CN5: https://eu.kobotoolbox.org/api/v2/assets/asidN676GwD9kVUoocseLY/data/728642983/attachments/atti7S9bQvAgQjBBfubcFwmk/ | CO5: 1764588872898.jpg | CP5: https://eu.kobotoolbox.org/api/v2/assets/asidN676GwD9kVUoocseLY/data/728642983/attachments/attjdiJYVf6TSdTGw4NBNvo5/ | CQ5: 1764588884152.jpg | CR5: https://eu.kobotoolbox.org/api/v2/assets/asidN676GwD9kVUoocseLY/data/728642983/attachments/attKgPYY7edJoh2W7M4fETHj/ | CS5: 1764588891273.jpg | CT5: https://eu.kobotoolbox.org/api/v2/assets/asidN676GwD9kVUoocseLY/data/728642983/attachments/attGjXksUGU4qL8E5qmJeytU/ | CU5: 1764588904267.jpg | CV5: https://eu.kobotoolbox.org/api/v2/assets/asidN676GwD9kVUoocseLY/data/728642983/attachments/attUjxMJoBLkhq2sBYDGNu3K/ | CW5: 1764588913919.jpg | CX5: https://eu.kobotoolbox.org/api/v2/assets/asidN676GwD9kVUoocseLY/data/728642983/attachments/attELGbZMBqcX5kmVxDf8vV6/ | CY5: 1764588922778.jpg | CZ5: https://eu.kobotoolbox.org/api/v2/assets/asidN676GwD9kVUoocseLY/data/728642983/attachments/attQHXMV4tQ5jis8JXsCaaF2/ | DA5: نعم | DN5: لا | DP5: C3
A6: 5 | B6: 45993 | C6: ضياء | D6: حسن | E6: الزو | F6: نجاح الزو | G6: ذكر | H6: 27898 | I6: متزوج/ة | J6: ندى زياد الزو | K6: هوية شخصية | M6: 3330039882 | N6: 1764660224122.jpg | O6: https://eu.kobotoolbox.org/api/v2/assets/asidN676GwD9kVUoocseLY/data/728688491/attachments/attWQGX3F56wDyFoRM7s7pD6/ | P6: 1764660258205.jpg | Q6: https://eu.kobotoolbox.org/api/v2/assets/asidN676GwD9kVUoocseLY/data/728688491/attachments/attPrwDAF4JHsRsaYCPHx8VH/ | R6: ريف دمشق | S6: مركز ريف دمشق | T6: عربين | U6: زملكا خلف المقسم بناء ابو عاطف الدحلة | V6: 963931800465 | W6: 958926814 | X6: لا | AL6: نعم | AM6: اخرى سكري | AN6: 1 | AO6: 0 | AP6: 0 | AQ6: 0 | AR6: 1 | AS6: ديسك رقبة | AT6: غير ذلك | AU6: 1 | AV6: 5 | AX6: 2 | AY6: 2 | AZ6: 0 | BA6: 1 | BB6: 0 | BC6: 0 | BD6: 0 | BE6: 0 | BF6: 0 | BG6: 0 | BH6: 0 | BI6: 0 | BJ6: 0 | BK6: أعمال حرة | BL6: 2 | BM6: عائد من اللجوء الخارجي | BN6: زملكا | BO6: خلف المقسم بناء ابو عاطف دحلة | BP6: 33.523885 | BQ6: 36.355723 | BR6: مالك | BS6: لا | BX6: شقة طابقية | BY6: 3 | BZ6: 4 | CA6: 100 | CB6: لا | CC6: نعم | CD6: نعم | CE6: لا | CF6: تعمل | CG6: نعم | CH6: لا | CI6: لا | CJ6: ضرر خفيف | CK6: 1764660574436.jpg | CL6: https://eu.kobotoolbox.org/api/v2/assets/asidN676GwD9kVUoocseLY/data/728688491/attachments/attVDNoKrsKaoSFJ5CH3haTF/ | CM6: 1764660597148.jpg | CN6: https://eu.kobotoolbox.org/api/v2/assets/asidN676GwD9kVUoocseLY/data/728688491/attachments/attkkG93ofKvNW93cpNm7TS9/ | CO6: 1764660603207.jpg | CP6: https://eu.kobotoolbox.org/api/v2/assets/asidN676GwD9kVUoocseLY/data/728688491/attachments/attc3p4XrioyaFuAQatzbMTS/ | CQ6: 1764660615764.jpg | CR6: https://eu.kobotoolbox.org/api/v2/assets/asidN676GwD9kVUoocseLY/data/728688491/attachments/attyiwPGoE9XLRhTg8LfwMTx/ | CS6: 1764660627271.jpg | CT6: https://eu.kobotoolbox.org/api/v2/assets/asidN676GwD9kVUoocseLY/data/728688491/attachments/att4P9asKiujCKF5TxGvLQmS/ | CU6: 1764660646788.jpg | CV6: https://eu.kobotoolbox.org/api/v2/assets/asidN676GwD9kVUoocseLY/data/728688491/attachments/att5wrihDbUy3CucTYru7FUu/ | CW6: 1764660656327.jpg | CX6: https://eu.kobotoolbox.org/api/v2/assets/asidN676GwD9kVUoocseLY/data/728688491/attachments/attSYP2Lp3hpgUqDvCSoeUvE/ | CY6: 1764660664226.jpg | CZ6: https://eu.kobotoolbox.org/api/v2/assets/asidN676GwD9kVUoocseLY/data/728688491/attachments/atttD6bYX6izFn7z5u29XMQY/ | DA6: نعم | DN6: لا | DO6: لا يوجد | DP6: C3
A7: 6 | B7: 45993 | C7: عفاف | D7: علي | E7: مكاوي | F7: الفات العجلاني | G7: أنثى | H7: 25539 | I7: مطلق/مطلقة | K7: هوية شخصية | M7: 3330004915 | N7: 1764662158773.jpg | O7: https://eu.kobotoolbox.org/api/v2/assets/asidN676GwD9kVUoocseLY/data/728690320/attachments/atta9bYcu8moGLRFpnPkdNk8/ | P7: 1764662183725.jpg | Q7: https://eu.kobotoolbox.org/api/v2/assets/asidN676GwD9kVUoocseLY/data/728690320/attachments/attqQrJnMa8EYZMwaHcAvDrp/ | R7: ريف دمشق | S7: مركز ريف دمشق | T7: عربين | U7: شرق جامع الحمزة مبنى الزغلول | V7: 963954297942 | W7: 954297947 | X7: لا | AL7: نعم | AM7: سكري | AN7: 1 | AO7: 0 | AP7: 0 | AQ7: 0 | AR7: 0 | AT7: منزل يعيله إمراة | AU7: 1 | AV7: 2 | AX7: 1 | AY7: 1 | AZ7: 0 | BA7: 0 | BB7: 0 | BC7: 0 | BD7: 0 | BE7: 0 | BF7: 0 | BG7: 0 | BH7: 0 | BI7: 0 | BJ7: 0 | BK7: لا يوجد مصدر دخل | BL7: 0 | BM7: عائد من اللجوء الخارجي | BN7: زملكا | BO7: جامع الحمزة مبنى الزغلول | BP7: 33.524267 | BQ7: 36.355184 | BR7: مالك | BS7: نعم | BT7: عقد بيع/شراء (كاتب عدل) | BU7: 45732 | BV7: 1764662358995.jpg | BW7: https://eu.kobotoolbox.org/api/v2/assets/asidN676GwD9kVUoocseLY/data/728690320/attachments/attbA93PFAvvixqsNy2mZq7V/ | BX7: شقة طابقية | BY7: 2 | BZ7: 3 | CA7: 70 | CB7: نعم | CC7: نعم | CD7: نعم | CE7: لا | CF7: تعمل | CG7: نعم | CH7: لا | CI7: لا | CJ7: ضرر خفيف | CK7: 1764662431728.jpg | CL7: https://eu.kobotoolbox.org/api/v2/assets/asidN676GwD9kVUoocseLY/data/728690320/attachments/attHrS8U24tLTZcirnc4QiWc/ | CM7: 1764662446002.jpg | CN7: https://eu.kobotoolbox.org/api/v2/assets/asidN676GwD9kVUoocseLY/data/728690320/attachments/attAuCSEyzipCAE6X93Xj6Jk/ | CO7: 1764662454642.jpg | CP7: https://eu.kobotoolbox.org/api/v2/assets/asidN676GwD9kVUoocseLY/data/728690320/attachments/atth33AXyMTnAW3JGQCEcqPv/ | CQ7: 1764662468993.jpg | CR7: https://eu.kobotoolbox.org/api/v2/assets/asidN676GwD9kVUoocseLY/data/728690320/attachments/att8zhWPXvmGknHX6xCKZnEf/ | CS7: 1764662477313.jpg | CT7: https://eu.kobotoolbox.org/api/v2/assets/asidN676GwD9kVUoocseLY/data/728690320/attachments/attaMtSevbzPNByxapKg6RGr/ | CU7: 1764662489292.jpg | CV7: https://eu.kobotoolbox.org/api/v2/assets/asidN676GwD9kVUoocseLY/data/728690320/attachments/attmSXqb6XaPPoAZXhzc4Pdm/ | CW7: 1764662508328.jpg | CX7: https://eu.kobotoolbox.org/api/v2/assets/asidN676GwD9kVUoocseLY/data/728690320/attachments/att22PUuGodJYzytM3Z3Utm2/ | CY7: 1764662502465.jpg | CZ7: https://eu.kobotoolbox.org/api/v2/assets/asidN676GwD9kVUoocseLY/data/728690320/attachments/atthafuxjHgrnTGqKGWwbX4r/ | DA7: نعم | DN7: لا | DO7: البناء بحاجة الي أبواب شبابيك دهان سيراميك الأرضيات وكهرباء وإزالة أنقاض | DP7: C3
A8: 7 | B8: 45993 | C8: فايز | D8: بدوي | E8: الشيخ | F8: خديجة أحمد دلال | G8: ذكر | H8: 24127 | I8: متزوج/ة | J8: ناديا أحمد عميري | K8: هوية شخصية | M8: 3330027212 | N8: 1764666388789.jpg | O8: https://eu.kobotoolbox.org/api/v2/assets/asidN676GwD9kVUoocseLY/data/728725963/attachments/attv8WUM6h4YsxjG4WtmeiyK/ | P8: 1764666398657.jpg | Q8: https://eu.kobotoolbox.org/api/v2/assets/asidN676GwD9kVUoocseLY/data/728725963/attachments/attaCMsicvxaM9c9DV8AjDJc/ | R8: ريف دمشق | S8: مركز ريف دمشق | T8: عربين | U8: خلف المقسم أرض البستان | V8: 963995659423 | W8: 939455905 | X8: لا | AL8: لا | AT8: منزل يعيله رجل كبير بالسن (فوق 60 سنة) | AU8: 1 | AV8: 4 | AX8: 1 | AY8: 2 | AZ8: 1 | BA8: 0 | BB8: 0 | BC8: 0 | BD8: 1 | BE8: 0 | BF8: 0 | BG8: 0 | BH8: 0 | BI8: 0 | BJ8: 0 | BK8: لا يوجد مصدر دخل | BL8: 0 | BM8: عائد من النزوح الداخلي | BN8: زملكا | BO8: خلف المقسم أرض البستان | BP8: 33.522247 | BQ8: 36.355323 | BR8: مالك | BS8: لا | BX8: منزل مستقل | BY8: 2 | BZ8: 0 | CA8: 80 | CB8: نعم | CC8: نعم | CD8: نعم | CE8: لا | CF8: تعمل | CG8: نعم | CH8: لا | CI8: لا | CJ8: ضرر خفيف | CK8: 1764666753028.jpg | CL8: https://eu.kobotoolbox.org/api/v2/assets/asidN676GwD9kVUoocseLY/data/728725963/attachments/attqLhBZJSbvpXacZ5qpzwm3/ | CM8: 1764666762236.jpg | CN8: https://eu.kobotoolbox.org/api/v2/assets/asidN676GwD9kVUoocseLY/data/728725963/attachments/att4fQzTFAgneyabJ2knLpPw/ | CO8: 1764666769453.jpg | CP8: https://eu.kobotoolbox.org/api/v2/assets/asidN676GwD9kVUoocseLY/data/728725963/attachments/att8JmuEfoC4qTQs7yrB7rr8/ | CQ8: 1764666784677.jpg | CR8: https://eu.kobotoolbox.org/api/v2/assets/asidN676GwD9kVUoocseLY/data/728725963/attachments/attpeaFeAHyNXf8Z82TP9RMG/ | CS8: 1764666791531.jpg | CT8: https://eu.kobotoolbox.org/api/v2/assets/asidN676GwD9kVUoocseLY/data/728725963/attachments/attJ3vpwpBhKEFVX83zf6eq4/ | CU8: 1764666811744.jpg | CV8: https://eu.kobotoolbox.org/api/v2/assets/asidN676GwD9kVUoocseLY/data/728725963/attachments/atte3gNNiyeabieVzYE4jnvZ/ | CW8: 1764666850721.jpg | CX8: https://eu.kobotoolbox.org/api/v2/assets/asidN676GwD9kVUoocseLY/data/728725963/attachments/attzMqAZHrAoyuBgjWacWbVV/ | CY8: 1764666824441.jpg | CZ8: https://eu.kobotoolbox.org/api/v2/assets/asidN676GwD9kVUoocseLY/data/728725963/attachments/attLVbJpgDu9ByQzg26C7hNx/ | DA8: نعم | DN8: لا | DO8: البيت بحاجة 3m^3 يبيتون عيار 350 والمطبخ دون سقف رقم المنزل 239 | DP8: C3
A9: 8 | B9: 45993 | C9: مهند | D9: محمد عطا | E9: زيادة | F9: مؤمنة عرفة | G9: ذكر | H9: 28065 | I9: متزوج/ة | J9: ايمان محي الدين الزو | K9: هوية شخصية | M9: 1020000710 | N9: 1764670192259.jpg | O9: https://eu.kobotoolbox.org/api/v2/assets/asidN676GwD9kVUoocseLY/data/728755166/attachments/att8iyy2ccV8D73xbTgMKVy2/ | P9: 1764670205628.jpg | Q9: https://eu.kobotoolbox.org/api/v2/assets/asidN676GwD9kVUoocseLY/data/728755166/attachments/attbizEH75pHikPkhGcYcJX5/ | R9: ريف دمشق | S9: مركز ريف دمشق | T9: عربين | U9: خلف المقسم بناء ابو بشار الزو | V9: 963969285010 | W9: 934658682 | X9: نعم | Y9: باستخدام اللغة المعتادة ، هل تجد صعوبة في التواصل ، على سبيل المثال الفهم على الناس أو أن يفهمك الناس؟ | Z9: 1 | AA9: 0 | AB9: 0 | AC9: 0 | AD9: 0 | AE9: 0 | AF9: لا اعلم | AL9: لا | AT9: غير ذلك | AU9: 1 | AV9: 8 | AX9: 2 | AY9: 3 | AZ9: 1 | BA9: 0 | BB9: 2 | BC9: 0 | BD9: 0 | BE9: 0 | BF9: 0 | BG9: 0 | BH9: 0 | BI9: 0 | BJ9: 0 | BK9: أعمال حرة | BL9: 1 | BM9: عائد من النزوح الداخلي | BN9: زملكا | BO9: خلف المقسم بناء ابو بشار الزو | BP9: 33.523883 | BQ9: 36.355944 | BR9: مالك | BS9: نعم | BT9: عقد بيع/شراء (كاتب عدل) | BU9: 37682 | BV9: 1764670613891.jpg | BW9: https://eu.kobotoolbox.org/api/v2/assets/asidN676GwD9kVUoocseLY/data/728755166/attachments/attbJEmdNbhZs4JLuDWYaruC/ | BX9: شقة طابقية | BY9: 2 | BZ9: 4 | CA9: 100 | CB9: نعم | CC9: نعم | CD9: لا | CE9: لا | CF9: تعمل | CG9: نعم | CH9: لا | CI9: لا | CJ9: ضرر خفيف | CK9: 1764670681989.jpg | CL9: https://eu.kobotoolbox.org/api/v2/assets/asidN676GwD9kVUoocseLY/data/728755166/attachments/attSjZwnc4YBBDe2CJY42fRa/ | CM9: 1764670691388.jpg | CN9: https://eu.kobotoolbox.org/api/v2/assets/asidN676GwD9kVUoocseLY/data/728755166/attachments/attMN2MCv8XtjTy9WY7kodBM/ | CO9: 1764670698839.jpg | CP9: https://eu.kobotoolbox.org/api/v2/assets/asidN676GwD9kVUoocseLY/data/728755166/attachments/att2Myfv7PdZG6NmngajWVQw/ | CQ9: 1764670706527.jpg | CR9: https://eu.kobotoolbox.org/api/v2/assets/asidN676GwD9kVUoocseLY/data/728755166/attachments/attSyvgVqqaK8bc7tVLwNgak/ | CS9: 1764670714370.jpg | CT9: https://eu.kobotoolbox.org/api/v2/assets/asidN676GwD9kVUoocseLY/data/728755166/attachments/attbmVPtApgHWrSNPuFfs8gX/ | CU9: 1764670724583.jpg | CV9: https://eu.kobotoolbox.org/api/v2/assets/asidN676GwD9kVUoocseLY/data/728755166/attachments/attNmpgDmt6RRwFUbJDM4piU/ | CW9: 1764670731967.jpg | CX9: https://eu.kobotoolbox.org/api/v2/assets/asidN676GwD9kVUoocseLY/data/728755166/attachments/attRpXb2WiNH4kjDTuPa8MjC/ | CY9: 1764670740722.jpg | CZ9: https://eu.kobotoolbox.org/api/v2/assets/asidN676GwD9kVUoocseLY/data/728755166/attachments/attzpMRuJekT5Ly5rgqmJpn4/ | DA9: نعم | DN9: لا | DO9: 178 | DP9: C3
A10: 9 | B10: 45993 | C10: علاء الدين | D10: محمد علي | E10: الشيخ | F10: نبيهة الشيخ | G10: ذكر | H10: 22426 | I10: متزوج/ة | J10: نورة الطحان | K10: هوية شخصية | M10: 3330027219 | N10: 1764673503402.jpg | O10: https://eu.kobotoolbox.org/api/v2/assets/asidN676GwD9kVUoocseLY/data/728808254/attachments/att8W3DJwxmaNycGFxxD83s7/ | P10: 1764673515163.jpg | Q10: https://eu.kobotoolbox.org/api/v2/assets/asidN676GwD9kVUoocseLY/data/728808254/attachments/attyqNsPzo5hjbq8VnSJPDhq/ | R10: ريف دمشق | S10: مركز ريف دمشق | T10: عربين | U10: ساحة زملكا | V10: 963958682134 | W10: 953801038 | X10: لا | AL10: لا | AT10: غير ذلك | AU10: 1 | AV10: 3 | AX10: 2 | AY10: 1 | AZ10: 0 | BA10: 0 | BB10: 0 | BC10: 0 | BD10: 0 | BE10: 0 | BF10: 0 | BG10: 0 | BH10: 0 | BI10: 0 | BJ10: 0 | BK10: لا يوجد مصدر دخل | BL10: 2 | BM10: عائد من النزوح الداخلي | BN10: زملكا | BO10: ساحة زملكا | BP10: 33.528889 | BQ10: 36.353392 | BR10: مالك | BS10: نعم | BT10: رخصة بناء | BU10: 36522 | BV10: 1764673750460.jpg | BW10: https://eu.kobotoolbox.org/api/v2/assets/asidN676GwD9kVUoocseLY/data/728808254/attachments/attf5Qid2wjqtpiNFDEEEQ5B/ | BX10: شقة طابقية | BY10: 2 | BZ10: 5 | CA10: 55 | CB10: لا | CC10: لا | CD10: لا | CE10: لا | CF10: تعمل | CG10: نعم | CH10: لا | CI10: لا | CJ10: لا يوجد ضرر | CK10: 1764673796501.jpg | CL10: https://eu.kobotoolbox.org/api/v2/assets/asidN676GwD9kVUoocseLY/data/728808254/attachments/attdijCn6nHfz3iJjwuDVbcD/ | CM10: 1764673808759.jpg | CN10: https://eu.kobotoolbox.org/api/v2/assets/asidN676GwD9kVUoocseLY/data/728808254/attachments/attTv5stifX2JvQnPbSp7MVN/ | CO10: 1764673817442.jpg | CP10: https://eu.kobotoolbox.org/api/v2/assets/asidN676GwD9kVUoocseLY/data/728808254/attachments/attTP3rH4XCpexg7j4uJS5E5/ | CQ10: 1764673829486.jpg | CR10: https://eu.kobotoolbox.org/api/v2/assets/asidN676GwD9kVUoocseLY/data/728808254/attachments/attvApCUsYY6tQMPtr6kC6qT/ | CS10: 1764673839905.jpg | CT10: https://eu.kobotoolbox.org/api/v2/assets/asidN676GwD9kVUoocseLY/data/728808254/attachments/attNpmfyaJ8jVhWFcpEPNPd9/ | CU10: 1764673847713.jpg | CV10: https://eu.kobotoolbox.org/api/v2/assets/asidN676GwD9kVUoocseLY/data/728808254/attachments/attW9JXQGpeZSLokqsVwcmfL/ | CW10: 1764673860005.jpg | CX10: https://eu.kobotoolbox.org/api/v2/assets/asidN676GwD9kVUoocseLY/data/728808254/attachments/att4Xz542wd5wc6TsSRdUXag/ | CY10: 1764673869116.jpg | CZ10: https://eu.kobotoolbox.org/api/v2/assets/asidN676GwD9kVUoocseLY/data/728808254/attachments/att2XZ3XFDC2GrBzrhhYBtnq/ | DA10: نعم | DN10: لا | DO10: 238 | DP10: C3
A11: 10 | B11: 45993 | C11: عبد الرزاق | D11: صبحي | E11: زمزم | F11: أمينة زيدان | G11: ذكر | H11: 21976 | I11: متزوج/ة | J11: عائشة عبد الرحمن الدباس | K11: هوية شخصية | M11: 3330020460 | N11: 1764674939208.jpg | O11: https://eu.kobotoolbox.org/api/v2/assets/asidN676GwD9kVUoocseLY/data/728816194/attachments/attwK4sgrTzTRuWYgps24TCb/ | P11: 1764674949299.jpg | Q11: https://eu.kobotoolbox.org/api/v2/assets/asidN676GwD9kVUoocseLY/data/728816194/attachments/attM74Rs99WFjtjM9ak3ezVk/ | R11: ريف دمشق | S11: مركز ريف دمشق | T11: عربين | U11: محاريب خلف جامع الحسن بناء زمزم | V11: 963967145663 | W11: 944847583 | X11: لا | AL11: لا | AT11: غير ذلك | AU11: 1 | AV11: 4 | AX11: 3 | AY11: 1 | AZ11: 0 | BA11: 0 | BB11: 0 | BC11: 0 | BD11: 0 | BE11: 0 | BF11: 0 | BG11: 0 | BH11: 0 | BI11: 0 | BJ11: 0 | BK11: لا يوجد مصدر دخل | BL11: 2 | BM11: عائد من النزوح الداخلي | BN11: زملكا | BO11: محيريب خلف جامع الحسن بناء زمزم | BP11: 33.526633 | BQ11: 36.352705 | BR11: مالك | BS11: نعم | BT11: بيان قيد عقاري | BU11: 45070 | BV11: 1764675162952.jpg | BW11: https://eu.kobotoolbox.org/api/v2/assets/asidN676GwD9kVUoocseLY/data/728816194/attachments/attJPhTLBMxkEADCsQDvFNsG/ | BX11: شقة طابقية | BY11: 2 | BZ11: 2 | CA11: 55 | CB11: نعم | CC11: نعم | CD11: نعم | CE11: لا | CF11: تعمل | CG11: نعم | CH11: لا | CI11: لا | CJ11: ضرر خفيف | CK11: 1764675221125.jpg | CL11: https://eu.kobotoolbox.org/api/v2/assets/asidN676GwD9kVUoocseLY/data/728816194/attachments/attsbGbLKqBncXE32fMbeHD3/ | CM11: 1764675229027.jpg | CN11: https://eu.kobotoolbox.org/api/v2/assets/asidN676GwD9kVUoocseLY/data/728816194/attachments/attaJEesUWSJPxbeBXwZ8yxB/ | CO11: 1764675240203.jpg | CP11: https://eu.kobotoolbox.org/api/v2/assets/asidN676GwD9kVUoocseLY/data/728816194/attachments/attqeGwhukjsY4WnRP6ZYXXZ/ | CQ11: 1764675250366.jpg | CR11: https://eu.kobotoolbox.org/api/v2/assets/asidN676GwD9kVUoocseLY/data/728816194/attachments/attBCryj3jgavPfq6tUpnhrJ/ | CS11: 1764675257379.jpg | CT11: https://eu.kobotoolbox.org/api/v2/assets/asidN676GwD9kVUoocseLY/data/728816194/attachments/atthVoHRQMLMyLR82pSJB46n/ | CU11: 1764675304071.jpg | CV11: https://eu.kobotoolbox.org/api/v2/assets/asidN676GwD9kVUoocseLY/data/728816194/attachments/atthWPjQQQpurfKtiusa8z8c/ | CW11: 1764675267085.jpg | CX11: https://eu.kobotoolbox.org/api/v2/assets/asidN676GwD9kVUoocseLY/data/728816194/attachments/attYQnvVnUmMzfWUnaeBSDYc/ | CY11: 1764675290593.jpg | CZ11: https://eu.kobotoolbox.org/api/v2/assets/asidN676GwD9kVUoocseLY/data/728816194/attachments/att8jPxrpszPyXwcnXdKwM8E/ | DA11: نعم | DN11: لا | DO11: 8 | DP11: C3
A12: 11 | B12: 45993 | C12: اياد | D12: محمود | E12: محي الدين | F12: فايزه محي الدين | G12: ذكر | H12: 29191 | I12: متزوج/ة | J12: وفاء ابراهيم شيبان | K12: هوية شخصية | M12: 3330012750 | N12: 1764659849024.jpg | O12: https://eu.kobotoolbox.org/api/v2/assets/asidN676GwD9kVUoocseLY/data/728850665/attachments/attUecpBnZniQFEnLn9cb3ux/ | P12: 1764659893073.jpg | Q12: https://eu.kobotoolbox.org/api/v2/assets/asidN676GwD9kVUoocseLY/data/728850665/attachments/attkrAoy5pVT3JdvYa7XogjM/ | R12: ريف دمشق | S12: مركز ريف دمشق | T12: عربين | U12: زملكا جانب الساحة قريب من معهد القيصر | V12: 946670447 | X12: لا | AL12: لا | AT12: غير ذلك | AU12: 1 | AV12: 6 | AX12: 2 | AY12: 2 | AZ12: 1 | BA12: 1 | BB12: 0 | BC12: 0 | BD12: 0 | BE12: 0 | BF12: 0 | BG12: 0 | BH12: 0 | BI12: 0 | BJ12: 0 | BK12: أعمال حرة | BL12: 0 | BM12: نازح حالياً | BN12: زملكا | BO12: زملكا حارة الشوام جانب جامع رضوان | BP12: 33.531639 | BQ12: 36.353237 | BR12: مالك | BS12: نعم | BT12: عقد بيع/شراء (كاتب عدل) | BU12: 38272 | BV12: 1764660166214.jpg | BW12: https://eu.kobotoolbox.org/api/v2/assets/asidN676GwD9kVUoocseLY/data/728850665/attachments/att9hRXhXvrPvpTsVNpcaP77/ | BX12: منزل مستقل | BY12: 2 | BZ12: 0 | CA12: 50 | CB12: لا | CC12: لا | CD12: لا | CE12: لا | CF12: تعمل | CG12: نعم | CH12: لا | CI12: لا | CJ12: ضرر شديد | CK12: 1764660284866.jpg | CL12: https://eu.kobotoolbox.org/api/v2/assets/asidN676GwD9kVUoocseLY/data/728850665/attachments/attbwojQG55TQZY7yS39iNCf/ | CM12: 1764660298471.jpg | CN12: https://eu.kobotoolbox.org/api/v2/assets/asidN676GwD9kVUoocseLY/data/728850665/attachments/att2VGbxfp9BoLovEK3ijhLB/ | CO12: 1764660310733.jpg | CP12: https://eu.kobotoolbox.org/api/v2/assets/asidN676GwD9kVUoocseLY/data/728850665/attachments/attdiTYBvrSt53XtXyyAwX2V/ | CQ12: 1764660322309.jpg | CR12: https://eu.kobotoolbox.org/api/v2/assets/asidN676GwD9kVUoocseLY/data/728850665/attachments/attmzsJk3noq7ufAr2VNCL2J/ | CS12: 1764660329108.jpg | CT12: https://eu.kobotoolbox.org/api/v2/assets/asidN676GwD9kVUoocseLY/data/728850665/attachments/attqBJJxuF7CDA4j9pfvxXFX/ | CU12: 1764660338947.jpg | CV12: https://eu.kobotoolbox.org/api/v2/assets/asidN676GwD9kVUoocseLY/data/728850665/attachments/attNrrfDTztMWspLWabk4W3i/ | CW12: 1764660347859.jpg | CX12: https://eu.kobotoolbox.org/api/v2/assets/asidN676GwD9kVUoocseLY/data/728850665/attachments/attHQYhmA6GAPGC3EH4e6bNE/ | CY12: 1764660357576.jpg | CZ12: https://eu.kobotoolbox.org/api/v2/assets/asidN676GwD9kVUoocseLY/data/728850665/attachments/attV5z2c6NDXGBnzuXYF2Gji/ | DA12: نعم | DN12: لا | DP12: C3
A13: 12 | B13: 45993 | C13: محمدزين | D13: غسان | E13: زين الدين | F13: عبله غنوم | G13: ذكر | H13: 32210 | I13: متزوج/ة | J13: فتحية عامر الصعيدي | K13: هوية شخصية | M13: 3330004901 | N13: 1764661638900.jpg | O13: https://eu.kobotoolbox.org/api/v2/assets/asidN676GwD9kVUoocseLY/data/728851444/attachments/attekkAJBnJZ9MiwJ9NQY5ps/ | P13: 1764661655191.jpg | Q13: https://eu.kobotoolbox.org/api/v2/assets/asidN676GwD9kVUoocseLY/data/728851444/attachments/attJbWvCh6QCrJfwsR4cLNXf/ | R13: ريف دمشق | S13: مركز ريف دمشق | T13: عربين | U13: زملكا خلف الثانوية جنب مولدة شيحا | V13: 960087954 | X13: لا | AL13: لا | AT13: غير ذلك | AU13: 1 | AV13: 5 | AX13: 1 | AY13: 1 | AZ13: 0 | BA13: 0 | BB13: 1 | BC13: 2 | BD13: 0 | BE13: 0 | BF13: 0 | BG13: 0 | BH13: 0 | BI13: 0 | BJ13: 0 | BK13: أعمال حرة | BL13: 1 | BM13: مقيم ولم أنزح | BN13: زملكا | BO13: زملكا خلف ثانوية جانب مولدة شيحا | BP13: 33.529818 | BQ13: 36.351755 | BR13: مالك | BS13: نعم | BT13: بيان قيد عقاري | BU13: 44594 | BV13: 1764661865849.jpg | BW13: https://eu.kobotoolbox.org/api/v2/assets/asidN676GwD9kVUoocseLY/data/728851444/attachments/attAYK4ZquCfYpDavJYgDzjS/ | BX13: منزل مستقل | BY13: 2 | BZ13: 0 | CA13: 100 | CB13: نعم | CC13: نعم | CD13: نعم | CE13: لا | CF13: تعمل | CG13: نعم | CH13: نعم | CI13: لا | CJ13: ضرر خفيف | CK13: 1764661917300.jpg | CL13: https://eu.kobotoolbox.org/api/v2/assets/asidN676GwD9kVUoocseLY/data/728851444/attachments/attm9AgkSrz3S2GJrbqhEEMU/ | CM13: 1764661930087.jpg | CN13: https://eu.kobotoolbox.org/api/v2/assets/asidN676GwD9kVUoocseLY/data/728851444/attachments/attFkHZCTuEsW7u5kP6kCp6j/ | CO13: 1764661938627.jpg | CP13: https://eu.kobotoolbox.org/api/v2/assets/asidN676GwD9kVUoocseLY/data/728851444/attachments/attd5a4xPP3LErWotorVg9zv/ | CQ13: 1764661945835.jpg | CR13: https://eu.kobotoolbox.org/api/v2/assets/asidN676GwD9kVUoocseLY/data/728851444/attachments/attMjvya3a3b7BKmQgwyNBpj/ | CS13: 1764661957262.jpg | CT13: https://eu.kobotoolbox.org/api/v2/assets/asidN676GwD9kVUoocseLY/data/728851444/attachments/attv57f99T8soCNX3GYcxBSg/ | CU13: 1764661972780.jpg | CV13: https://eu.kobotoolbox.org/api/v2/assets/asidN676GwD9kVUoocseLY/data/728851444/attachments/attK26oVCZSfu4srjXMSTXr8/ | CW13: 1764661984691.jpg | CX13: https://eu.kobotoolbox.org/api/v2/assets/asidN676GwD9kVUoocseLY/data/728851444/attachments/att3cBgRFYSFhifFjS8puSqG/ | CY13: 1764661993292.jpg | CZ13: https://eu.kobotoolbox.org/api/v2/assets/asidN676GwD9kVUoocseLY/data/728851444/attachments/attWCq8evtRGvHp3JKSEe8rv/ | DA13: نعم | DN13: لا | DP13: C3
A14: 13 | B14: 45993 | C14: ماهر | D14: فيصل | E14: الغوش | F14: فاطمة الجزار | G14: ذكر | H14: 32157 | I14: متزوج/ة | J14: هبة محمد علي قاسم | K14: هوية شخصية | M14: 3330020473 | N14: 1764664601925.jpg | O14: https://eu.kobotoolbox.org/api/v2/assets/asidN676GwD9kVUoocseLY/data/728851842/attachments/att7oGBgJvQym9PoyYfWDeGV/ | P14: 1764664615016.jpg | Q14: https://eu.kobotoolbox.org/api/v2/assets/asidN676GwD9kVUoocseLY/data/728851842/attachments/attw6vSnTg57tAXADAgyuwKS/ | R14: ريف دمشق | S14: مركز ريف دمشق | T14: عربين | U14: زملكا امام معمل النشا | V14: 945179765 | X14: لا | AL14: نعم | AM14: قلب | AN14: 0 | AO14: 1 | AP14: 0 | AQ14: 0 | AR14: 0 | AT14: غير ذلك | AU14: 2 | AV14: 7 | AX14: 2 | AY14: 2 | AZ14: 2 | BA14: 1 | BB14: 0 | BC14: 0 | BD14: 0 | BE14: 0 | BF14: 0 | BG14: 0 | BH14: 0 | BI14: 0 | BJ14: 0 | BK14: أعمال حرة | BL14: 2 | BM14: عائد من اللجوء الخارجي | BN14: زملكا | BO14: زملكا خلف المعلوماتية | BP14: 33.529896 | BQ14: 36.352303 | BR14: مهجّر عائد | BS14: نعم | BT14: حكم محكمة | BU14: 35409 | BV14: 1764664932434.jpg | BW14: https://eu.kobotoolbox.org/api/v2/assets/asidN676GwD9kVUoocseLY/data/728851842/attachments/atthcBUbZHrcmExatJ86arWG/ | BX14: منزل مستقل | BY14: 3 | BZ14: 0 | CA14: 110 | CB14: لا | CC14: نعم | CD14: لا | CE14: نعم | CF14: لا تعمل | CG14: نعم | CH14: لا | CI14: لا | CJ14: ضرر شديد | CK14: 1764665005804.jpg | CL14: https://eu.kobotoolbox.org/api/v2/assets/asidN676GwD9kVUoocseLY/data/728851842/attachments/attXJMWccnJKZNAa8a6gBrPZ/ | CM14: 1764665020335.jpg | CN14: https://eu.kobotoolbox.org/api/v2/assets/asidN676GwD9kVUoocseLY/data/728851842/attachments/attjfWo2YBtMdnnFPNX8F7aU/ | CO14: 1764665029163.jpg | CP14: https://eu.kobotoolbox.org/api/v2/assets/asidN676GwD9kVUoocseLY/data/728851842/attachments/attPrw6Zb4HRCowrPMqDevhF/ | CQ14: 1764665037309.jpg | CR14: https://eu.kobotoolbox.org/api/v2/assets/asidN676GwD9kVUoocseLY/data/728851842/attachments/attzWUqZn5erWtYw7794AaFb/ | CS14: 1764665056610.jpg | CT14: https://eu.kobotoolbox.org/api/v2/assets/asidN676GwD9kVUoocseLY/data/728851842/attachments/att8QNPignDSpD62ZNXQ3ixk/ | CU14: 1764665082206.jpg | CV14: https://eu.kobotoolbox.org/api/v2/assets/asidN676GwD9kVUoocseLY/data/728851842/attachments/attcNm4gyd8CeZr9fxtnbZhf/ | CW14: 1764665090984.jpg | CX14: https://eu.kobotoolbox.org/api/v2/assets/asidN676GwD9kVUoocseLY/data/728851842/attachments/attBZ5SyzpH5YQmt2j7Fq6SY/ | CY14: 1764665096392.jpg | CZ14: https://eu.kobotoolbox.org/api/v2/assets/asidN676GwD9kVUoocseLY/data/728851842/attachments/attutV6vUmsXFbuiaLAFwXd3/ | DA14: نعم | DN14: لا | DO14: المنافع في المنزل مهدومة بصاروخ يحتاج لإعادة بناء المنافع وتغيير السقف المتضرر | DP14: C3
A15: 14 | B15: 45993 | C15: محمدحسان | D15: بدرالدين | E15: النداف | F15: هدى الملا | G15: ذكر | H15: 31492 | I15: متزوج/ة | J15: نور عبد المعين العطري | K15: هوية شخصية | M15: 3330040434 | N15: 1764665912325.jpg | O15: https://eu.kobotoolbox.org/api/v2/assets/asidN676GwD9kVUoocseLY/data/728852816/attachments/att5rof5JY48BeEpqgQ4MyB6/ | P15: 1764665921200.jpg | Q15: https://eu.kobotoolbox.org/api/v2/assets/asidN676GwD9kVUoocseLY/data/728852816/attachments/attmNDXHvNrTxguAcnNTHLou/ | R15: ريف دمشق | S15: مركز ريف دمشق | T15: عربين | U15: زملكا ناح الحديقة | V15: 966673321 | X15: لا | AL15: لا | AT15: غير ذلك | AU15: 3 | AV15: 10 | AX15: 4 | AY15: 3 | AZ15: 2 | BA15: 0 | BB15: 1 | BC15: 0 | BD15: 0 | BE15: 0 | BF15: 0 | BG15: 0 | BH15: 0 | BI15: 0 | BJ15: 0 | BK15: أعمال حرة | BL15: 2 | BM15: عائد من النزوح الداخلي | BN15: زملكا | BO15: زملكا حارة شيحا | BP15: 33.529927 | BQ15: 36.353302 | BR15: مالك | BS15: نعم | BT15: بيان قيد عقاري | BU15: 46099 | BV15: 1764666135311.jpg | BW15: https://eu.kobotoolbox.org/api/v2/assets/asidN676GwD9kVUoocseLY/data/728852816/attachments/atttujz3t93eTYSMZHf6x48N/ | BX15: شقة طابقية | BY15: 4 | BZ15: 1 | CA15: 120 | CB15: لا | CC15: نعم | CD15: نعم | CE15: لا | CF15: تعمل | CG15: نعم | CH15: لا | CI15: لا | CJ15: ضرر خفيف | CK15: 1764666237296.jpg | CL15: https://eu.kobotoolbox.org/api/v2/assets/asidN676GwD9kVUoocseLY/data/728852816/attachments/attXqp8kVEFonyGD8BEXVQze/ | CM15: 1764666246124.jpg | CN15: https://eu.kobotoolbox.org/api/v2/assets/asidN676GwD9kVUoocseLY/data/728852816/attachments/atteM4arPWmiweY5qZgKMnSm/ | CO15: 1764666254441.jpg | CP15: https://eu.kobotoolbox.org/api/v2/assets/asidN676GwD9kVUoocseLY/data/728852816/attachments/attCafdAyYa44mUX9XnTVdyb/ | CQ15: 1764666276818.jpg | CR15: https://eu.kobotoolbox.org/api/v2/assets/asidN676GwD9kVUoocseLY/data/728852816/attachments/attyHFMfNqgDFcDKazDVmbNo/ | CS15: 1764666291442.jpg | CT15: https://eu.kobotoolbox.org/api/v2/assets/asidN676GwD9kVUoocseLY/data/728852816/attachments/attFPru5Jxf6ydQYaoomy6e4/ | CU15: 1764666306113.jpg | CV15: https://eu.kobotoolbox.org/api/v2/assets/asidN676GwD9kVUoocseLY/data/728852816/attachments/attcV9KXBAnF2t3JXb2HeAG4/ | CW15: 1764666313276.jpg | CX15: https://eu.kobotoolbox.org/api/v2/assets/asidN676GwD9kVUoocseLY/data/728852816/attachments/attkt63otCrwNYk3jEyUsatS/ | CY15: 1764666319404.jpg | CZ15: https://eu.kobotoolbox.org/api/v2/assets/asidN676GwD9kVUoocseLY/data/728852816/attachments/attftKasTpowyem87Y9Zff6w/ | DA15: نعم | DN15: لا | DP15: C3
A16: 15 | B16: 45993 | C16: حسام الدين | D16: بدر الدين | E16: النداف | F16: هدى الملا | G16: ذكر | H16: 32113 | I16: متزوج/ة | J16: مروة ضياء الحسين | K16: هوية شخصية | M16: 89123244295 | N16: 1764666792738.jpg | O16: https://eu.kobotoolbox.org/api/v2/assets/asidN676GwD9kVUoocseLY/data/728853169/attachments/atteTEGdwqjYwdEGbTF6c8M4/ | P16: 1764666805440.jpg | Q16: https://eu.kobotoolbox.org/api/v2/assets/asidN676GwD9kVUoocseLY/data/728853169/attachments/attWzB2yJhkUMdELX2Sbeeom/ | R16: ريف دمشق | S16: مركز ريف دمشق | T16: عربين | U16: زملكا حارة شيحا | V16: 954297926 | X16: لا | AL16: لا | AT16: غير ذلك | AU16: 3 | AV16: 13 | AX16: 4 | AY16: 3 | AZ16: 0 | BA16: 5 | BB16: 1 | BC16: 0 | BD16: 0 | BE16: 0 | BF16: 0 | BG16: 0 | BH16: 0 | BI16: 0 | BJ16: 0 | BK16: أعمال حرة | BL16: 2 | BM16: عائد من النزوح الداخلي | BN16: زملكا | BO16: زملكا حارة شيحا | BP16: 33.530067 | BQ16: 36.353188 | BR16: مالك | BS16: نعم | BT16: بيان قيد عقاري | BU16: 46040 | BV16: 1764667014342.jpg | BW16: https://eu.kobotoolbox.org/api/v2/assets/asidN676GwD9kVUoocseLY/data/728853169/attachments/attU5HtAeoEfRGWZWdbfevJo/ | BX16: شقة طابقية | BY16: 4 | BZ16: 0 | CA16: 120 | CB16: نعم | CC16: نعم | CD16: نعم | CE16: لا | CF16: تعمل | CG16: نعم | CH16: لا | CI16: لا | CJ16: لا يوجد ضرر | CK16: 1764667063296.jpg | CL16: https://eu.kobotoolbox.org/api/v2/assets/asidN676GwD9kVUoocseLY/data/728853169/attachments/attxVP26o7o8YTxKwNJKWhbX/ | CM16: 1764667071731.jpg | CN16: https://eu.kobotoolbox.org/api/v2/assets/asidN676GwD9kVUoocseLY/data/728853169/attachments/att5gXvYCzK8T5NTQH2KJNrd/ | CO16: 1764667079049.jpg | CP16: https://eu.kobotoolbox.org/api/v2/assets/asidN676GwD9kVUoocseLY/data/728853169/attachments/attKo7fZ3UNE9ZKzEmkQDa7X/ | CQ16: 1764667085675.jpg | CR16: https://eu.kobotoolbox.org/api/v2/assets/asidN676GwD9kVUoocseLY/data/728853169/attachments/attDqMX8z959P8B3pPLmXYhA/ | CS16: 1764667092118.jpg | CT16: https://eu.kobotoolbox.org/api/v2/assets/asidN676GwD9kVUoocseLY/data/728853169/attachments/attCF39ZdS2mC7PgGTbQrYva/ | CU16: 1764667104879.jpg | CV16: https://eu.kobotoolbox.org/api/v2/assets/asidN676GwD9kVUoocseLY/data/728853169/attachments/attLNjQMHBMwUNescigdUmE5/ | CW16: 1764667113508.jpg | CX16: https://eu.kobotoolbox.org/api/v2/assets/asidN676GwD9kVUoocseLY/data/728853169/attachments/attCqhFpobgj8i2URZfy5uBd/ | CY16: 1764667128654.jpg | CZ16: https://eu.kobotoolbox.org/api/v2/assets/asidN676GwD9kVUoocseLY/data/728853169/attachments/attg2JMyjyAUgpuftM85QM5x/ | DA16: نعم | DN16: لا | DP16: C3
A17: 16 | B17: 45993 | C17: عبد الحكيم | D17: زكريا | E17: هرموش | F17: رحمة خضرو | G17: ذكر | H17: 24808 | I17: متزوج/ة | J17: مها ابراهيم مندو | K17: إخراج قيد | M17: 7220014618 | N17: 1764667689651.jpg | O17: https://eu.kobotoolbox.org/api/v2/assets/asidN676GwD9kVUoocseLY/data/728853359/attachments/attdmjxSj4BfgPeVqufwdwa6/ | P17: 1764667698169.jpg | Q17: https://eu.kobotoolbox.org/api/v2/assets/asidN676GwD9kVUoocseLY/data/728853359/attachments/attgShSqRNW9pNDLgpJsJsf6/ | R17: ريف دمشق | S17: مركز ريف دمشق | T17: عربين | U17: مديرية المرور | V17: 994980552 | X17: لا | AL17: لا | AT17: منزل يعيله رجل كبير بالسن (فوق 60 سنة) | AU17: 1 | AV17: 7 | AX17: 1 | AY17: 1 | AZ17: 0 | BA17: 4 | BB17: 0 | BC17: 1 | BD17: 0 | BE17: 0 | BF17: 0 | BG17: 0 | BH17: 0 | BI17: 0 | BJ17: 0 | BK17: عمل حكومي | BL17: 1 | BM17: عائد من النزوح الداخلي | BN17: زملكا | BO17: زملكا حارة شيحا جنب بناء كوكش | BP17: 33.530247 | BQ17: 36.353704 | BR17: مالك | BS17: لا | BX17: شقة طابقية | BY17: 2 | BZ17: 2 | CA17: 70 | CB17: نعم | CC17: نعم | CD17: نعم | CE17: لا | CF17: لا تعمل | CG17: نعم | CH17: لا | CI17: لا | CJ17: ضرر متوسط | CK17: 1764667998981.jpg | CL17: https://eu.kobotoolbox.org/api/v2/assets/asidN676GwD9kVUoocseLY/data/728853359/attachments/attn4HNPyPPDTocvY3Factv9/ | CM17: 1764668007705.jpg | CN17: https://eu.kobotoolbox.org/api/v2/assets/asidN676GwD9kVUoocseLY/data/728853359/attachments/attjVfUven6Wdic2ja4EmqXb/ | CO17: 1764668018581.jpg | CP17: https://eu.kobotoolbox.org/api/v2/assets/asidN676GwD9kVUoocseLY/data/728853359/attachments/attGSLgArFbLBbfb3dN8wZwy/ | CQ17: 1764668026146.jpg | CR17: https://eu.kobotoolbox.org/api/v2/assets/asidN676GwD9kVUoocseLY/data/728853359/attachments/attcbSDs24yYBFphfkh6TMat/ | CS17: 1764668034550.jpg | CT17: https://eu.kobotoolbox.org/api/v2/assets/asidN676GwD9kVUoocseLY/data/728853359/attachments/att4kxgMd4MJZpG5t98qH9Do/ | CU17: 1764668046924.jpg | CV17: https://eu.kobotoolbox.org/api/v2/assets/asidN676GwD9kVUoocseLY/data/728853359/attachments/attd7ecf7Sx78FVwj8Sq42jW/ | CW17: 1764668054407.jpg | CX17: https://eu.kobotoolbox.org/api/v2/assets/asidN676GwD9kVUoocseLY/data/728853359/attachments/attom3vzdkWot6snundw8fth/ | CY17: 1764668074278.jpg | CZ17: https://eu.kobotoolbox.org/api/v2/assets/asidN676GwD9kVUoocseLY/data/728853359/attachments/attgXCiThFoYTHbsPa7ZYMqM/ | DA17: نعم | DN17: لا | DO17: 173 البيت بحاجة والشخص محتاج جدا | DP17: C3
A18: 17 | B18: 45993 | C18: اسماء | D18: محمد | E18: هرموش | F18: بدريه عطايا | G18: ذكر | H18: 31664 | I18: مطلق/مطلقة | K18: هوية شخصية | M18: 7220014973 | N18: 1764668879608.jpg | O18: https://eu.kobotoolbox.org/api/v2/assets/asidN676GwD9kVUoocseLY/data/728853996/attachments/attkageG3QxSfkfpod9VCQUD/ | P18: 1764668889833.jpg | Q18: https://eu.kobotoolbox.org/api/v2/assets/asidN676GwD9kVUoocseLY/data/728853996/attachments/attGx7DyE5Nngj492kY5tt3e/ | R18: ريف دمشق | S18: مركز ريف دمشق | T18: عربين | U18: زملكا حارة شيحا جانب بيت اب فهد | V18: 969793906 | X18: لا | AL18: لا | AT18: منزل يعيله إمراة | AU18: 2 | AV18: 9 | AX18: 0 | AY18: 2 | AZ18: 1 | BA18: 3 | BB18: 1 | BC18: 2 | BD18: 0 | BE18: 0 | BF18: 0 | BG18: 1 | BH18: 0 | BI18: 0 | BJ18: 0 | BK18: مساعدات إنسانية فقط | BL18: 0 | BM18: عائد من النزوح الداخلي | BN18: زملكا | BO18: زملكا حارة الشيحا | BP18: 33.530172 | BQ18: 36.353188 | BR18: مالك | BS18: لا | BX18: منزل مستقل | BY18: 2 | BZ18: 0 | CA18: 50 | CB18: نعم | CC18: نعم | CD18: نعم | CE18: لا | CF18: تعمل | CG18: نعم | CH18: لا | CI18: لا | CJ18: لا يوجد ضرر | CK18: 1764669345445.jpg | CL18: https://eu.kobotoolbox.org/api/v2/assets/asidN676GwD9kVUoocseLY/data/728853996/attachments/attxmL8PtznXxrp9DrL4vf8C/ | CM18: 1764669353865.jpg | CN18: https://eu.kobotoolbox.org/api/v2/assets/asidN676GwD9kVUoocseLY/data/728853996/attachments/attsYcDYSitnhrxLV7cueSuS/ | CO18: 1764669362626.jpg | CP18: https://eu.kobotoolbox.org/api/v2/assets/asidN676GwD9kVUoocseLY/data/728853996/attachments/attKiBJRdXpxrvv9rczZHR4w/ | CQ18: 1764669490397.jpg | CR18: https://eu.kobotoolbox.org/api/v2/assets/asidN676GwD9kVUoocseLY/data/728853996/attachments/attnuuvaS2WNaU9akocTXqCY/ | CS18: 1764669532702.jpg | CT18: https://eu.kobotoolbox.org/api/v2/assets/asidN676GwD9kVUoocseLY/data/728853996/attachments/attG9Xjk56GNGSpxVkiYkkes/ | CU18: 1764669541402.jpg | CV18: https://eu.kobotoolbox.org/api/v2/assets/asidN676GwD9kVUoocseLY/data/728853996/attachments/attWeHakChmGDnDrhs7vrARh/ | CW18: 1764669555682.jpg | CX18: https://eu.kobotoolbox.org/api/v2/assets/asidN676GwD9kVUoocseLY/data/728853996/attachments/atthaj3so3uZNtbPWdqXCgAW/ | CY18: 1764669561810.jpg | CZ18: https://eu.kobotoolbox.org/api/v2/assets/asidN676GwD9kVUoocseLY/data/728853996/attachments/attNNWifAaV4QXgAjwwgpjDA/ | DA18: نعم | DN18: لا | DO18: الرقم التسلسلي 289 المنزل بحاجة هذه الاعمال بشدة بسبب عدم وجود رجل في المنزل | DP18: C3
A19: 18 | B19: 45993 | C19: احمد | D19: موفق | E19: الدمشقي | F19: أميره السحار | G19: ذكر | H19: 33475 | I19: متزوج/ة | J19: هبة عبدالله ثابت | K19: هوية شخصية | M19: 1020153422 | N19: 1764670936149.jpg | O19: https://eu.kobotoolbox.org/api/v2/assets/asidN676GwD9kVUoocseLY/data/728854563/attachments/att5iqmaZmj9cpmBMrRNSP5e/ | P19: 1764670943113.jpg | Q19: https://eu.kobotoolbox.org/api/v2/assets/asidN676GwD9kVUoocseLY/data/728854563/attachments/att9bsjZGdsYuCwUbkBtAQuD/ | R19: ريف دمشق | S19: مركز ريف دمشق | T19: عربين | U19: زملكا حارة الشوام مواجه كازية النور | V19: 950502542 | X19: لا | AL19: لا | AT19: غير ذلك | AU19: 1 | AV19: 4 | AX19: 1 | AY19: 2 | AZ19: 0 | BA19: 0 | BB19: 1 | BC19: 0 | BD19: 0 | BE19: 0 | BF19: 0 | BG19: 0 | BH19: 0 | BI19: 0 | BJ19: 0 | BK19: عمل خاص | BL19: 1 | BM19: عائد من النزوح الداخلي | BN19: زملكا | BO19: زملكا حارة الشوام مواجه كازية النور | BP19: 33.532194 | BQ19: 36.355504 | BR19: مالك | BS19: لا | BX19: شقة طابقية | BY19: 3 | BZ19: 1 | CA19: 85 | CB19: نعم | CC19: نعم | CD19: نعم | CE19: لا | CF19: تعمل | CG19: نعم | CH19: لا | CI19: لا | CJ19: لا يوجد ضرر | CK19: 1764671126415.jpg | CL19: https://eu.kobotoolbox.org/api/v2/assets/asidN676GwD9kVUoocseLY/data/728854563/attachments/attRzExxCFKDQ9obCKUMvzSP/ | CM19: 1764671134107.jpg | CN19: https://eu.kobotoolbox.org/api/v2/assets/asidN676GwD9kVUoocseLY/data/728854563/attachments/attpCZFw6ZLG8GQD2DspLgKY/ | CO19: 1764671140705.jpg | CP19: https://eu.kobotoolbox.org/api/v2/assets/asidN676GwD9kVUoocseLY/data/728854563/attachments/attJQj3ivWuj2r2uhMfaoWvM/ | CQ19: 1764671149473.jpg | CR19: https://eu.kobotoolbox.org/api/v2/assets/asidN676GwD9kVUoocseLY/data/728854563/attachments/attnEsvtdBtub2cRJDcfcrid/ | CS19: 1764671156068.jpg | CT19: https://eu.kobotoolbox.org/api/v2/assets/asidN676GwD9kVUoocseLY/data/728854563/attachments/attDeYJjG55jxU4j9e6HHjyj/ | CU19: 1764671174992.jpg | CV19: https://eu.kobotoolbox.org/api/v2/assets/asidN676GwD9kVUoocseLY/data/728854563/attachments/attjow3PdZEAc7dYtf7uwQPM/ | CW19: 1764671186374.jpg | CX19: https://eu.kobotoolbox.org/api/v2/assets/asidN676GwD9kVUoocseLY/data/728854563/attachments/attxPaXQVMcwo9soAkTozPej/ | CY19: 1764671192857.jpg | CZ19: https://eu.kobotoolbox.org/api/v2/assets/asidN676GwD9kVUoocseLY/data/728854563/attachments/attRcEP5oXH5LcDjjbPXB39k/ | DA19: نعم | DN19: لا | DO19: الرقم التسلسلي 176 | DP19: C3
A20: 19 | B20: 45993 | C20: فاروق | D20: عبد الحليم | E20: الملا | F20: نجلاء الملا | G20: ذكر | H20: 21947 | I20: متزوج/ة | J20: هالا شهاب الدين الملا | K20: هوية شخصية | M20: 3330029357 | N20: 1764676554919.jpg | O20: https://eu.kobotoolbox.org/api/v2/assets/asidN676GwD9kVUoocseLY/data/728854773/attachments/attSiFtzjwCSw7JmpmWMgfmq/ | P20: 1764676564795.jpg | Q20: https://eu.kobotoolbox.org/api/v2/assets/asidN676GwD9kVUoocseLY/data/728854773/attachments/attbjKfDk9R2CmCa4CK8FrqV/ | R20: ريف دمشق | S20: مركز ريف دمشق | T20: عربين | U20: المحاريب جامع الحسن | V20: 963938937881 | W20: 951319228 | X20: لا | AL20: لا | AT20: غير ذلك | AU20: 2 | AV20: 5 | AX20: 2 | AY20: 2 | AZ20: 0 | BA20: 0 | BB20: 0 | BC20: 1 | BD20: 0 | BE20: 0 | BF20: 0 | BG20: 0 | BH20: 0 | BI20: 0 | BJ20: 0 | BK20: أعمال حرة | BL20: 1 | BM20: عائد من النزوح الداخلي | BN20: زملكا | BO20: محاريب خلف جامع الحسن | BP20: 33.523622 | BQ20: 36.345979 | BR20: مالك | BS20: نعم | BT20: بيان قيد عقاري | BU20: 40868 | BV20: 1764677018863.jpg | BW20: https://eu.kobotoolbox.org/api/v2/assets/asidN676GwD9kVUoocseLY/data/728854773/attachments/attzJhLycjNA9tbKWn2umE4V/ | BX20: شقة طابقية | BY20: 2 | BZ20: 1 | CA20: 100 | CB20: نعم | CC20: نعم | CD20: نعم | CE20: لا | CF20: تعمل | CG20: نعم | CH20: لا | CI20: لا | CJ20: ضرر خفيف | CK20: 1764677049963.jpg | CL20: https://eu.kobotoolbox.org/api/v2/assets/asidN676GwD9kVUoocseLY/data/728854773/attachments/attp62pxnAbddHzXEofdZYbB/ | CM20: 1764677067269.jpg | CN20: https://eu.kobotoolbox.org/api/v2/assets/asidN676GwD9kVUoocseLY/data/728854773/attachments/att5aA5HohPYkMALQExFxciN/ | CO20: 1764677078868.jpg | CP20: https://eu.kobotoolbox.org/api/v2/assets/asidN676GwD9kVUoocseLY/data/728854773/attachments/att9E2BAhdncR9y9yJkUWdnd/ | CQ20: 1764677100100.jpg | CR20: https://eu.kobotoolbox.org/api/v2/assets/asidN676GwD9kVUoocseLY/data/728854773/attachments/attQ5aAuXsctxEMfUneRp87n/ | CS20: 1764677110848.jpg | CT20: https://eu.kobotoolbox.org/api/v2/assets/asidN676GwD9kVUoocseLY/data/728854773/attachments/attXkrX4cDg4boQDR9riss4w/ | CU20: 1764677118844.jpg | CV20: https://eu.kobotoolbox.org/api/v2/assets/asidN676GwD9kVUoocseLY/data/728854773/attachments/attFTqEB5yEYSuwZNMcnCxS6/ | CW20: 1764677128702.jpg | CX20: https://eu.kobotoolbox.org/api/v2/assets/asidN676GwD9kVUoocseLY/data/728854773/attachments/attjNmN9fHWziRy2mUy3UWo7/ | CY20: 1764677140223.jpg | CZ20: https://eu.kobotoolbox.org/api/v2/assets/asidN676GwD9kVUoocseLY/data/728854773/attachments/attHqhM9VNV4ijZ5SVZzFFBZ/ | DA20: نعم | DN20: لا | DO20: أعمال خرسانة 7m^3 122 | DP20: C3
A21: 20 | B21: 45993 | C21: صفاء | D21: عبد الفتاح | E21: كرنبه | F21: وجيها الشيخ | G21: ذكر | H21: 32212 | I21: أعزب/عزباء | K21: هوية شخصية | M21: 3330003652 | N21: 1764672197415.jpg | O21: https://eu.kobotoolbox.org/api/v2/assets/asidN676GwD9kVUoocseLY/data/728855073/attachments/attJE6JV4tffyTaBeoqxSeSh/ | P21: 1764672206920.jpg | Q21: https://eu.kobotoolbox.org/api/v2/assets/asidN676GwD9kVUoocseLY/data/728855073/attachments/att3vEDin5gwghXzjkqFCixg/ | R21: ريف دمشق | S21: مركز ريف دمشق | T21: عربين | U21: زملكا حارة الشوام خلف كازية النور | V21: 967313096 | X21: لا | AL21: لا | AT21: غير ذلك | AU21: 1 | AV21: 4 | AX21: 1 | AY21: 1 | AZ21: 1 | BA21: 1 | BB21: 0 | BC21: 0 | BD21: 0 | BE21: 0 | BF21: 0 | BG21: 0 | BH21: 0 | BI21: 0 | BJ21: 0 | BK21: أعمال حرة | BL21: 1 | BM21: عائد من النزوح الداخلي | BN21: زملكا | BO21: زملكا حارة الشوام خلف كازية النور | BP21: 33.531322 | BQ21: 36.356023 | BR21: مالك | BS21: لا | BX21: شقة طابقية | BY21: 2 | BZ21: 4 | CA21: 65 | CB21: نعم | CC21: نعم | CD21: نعم | CE21: لا | CF21: تعمل | CG21: نعم | CH21: لا | CI21: لا | CJ21: لا يوجد ضرر | CK21: 1764672484463.jpg | CL21: https://eu.kobotoolbox.org/api/v2/assets/asidN676GwD9kVUoocseLY/data/728855073/attachments/attBmkpxEMJjruJSa9LCBKvK/ | CM21: 1764672492717.jpg | CN21: https://eu.kobotoolbox.org/api/v2/assets/asidN676GwD9kVUoocseLY/data/728855073/attachments/attVqmhny867mS3EANrAZBS3/ | CO21: 1764672502603.jpg | CP21: https://eu.kobotoolbox.org/api/v2/assets/asidN676GwD9kVUoocseLY/data/728855073/attachments/attEi4AaTxG6wzMLcvKd5Ws4/ | CQ21: 1764672510453.jpg | CR21: https://eu.kobotoolbox.org/api/v2/assets/asidN676GwD9kVUoocseLY/data/728855073/attachments/attV2jau6r9sDNVdtzfexsPJ/ | CS21: 1764672517785.jpg | CT21: https://eu.kobotoolbox.org/api/v2/assets/asidN676GwD9kVUoocseLY/data/728855073/attachments/att5zF73L5UXYhqsX5E9Vchz/ | CU21: 1764672529389.jpg | CV21: https://eu.kobotoolbox.org/api/v2/assets/asidN676GwD9kVUoocseLY/data/728855073/attachments/attYjZhkwRfazg86sexAxpLd/ | CW21: 1764672540035.jpg | CX21: https://eu.kobotoolbox.org/api/v2/assets/asidN676GwD9kVUoocseLY/data/728855073/attachments/att59iGogM4aiKwgP84K2hC9/ | CY21: 1764672546225.jpg | CZ21: https://eu.kobotoolbox.org/api/v2/assets/asidN676GwD9kVUoocseLY/data/728855073/attachments/attH36z44XGjYARxRUfVrfDN/ | DA21: نعم | DN21: لا | DO21: الرقم التسلسلي 175 | DP21: C3
A22: 21 | B22: 45993 | C22: محمد مأمون | D22: محمود | E22: عثمان | F22: بديعة خليفة | G22: ذكر | H22: 29256 | I22: متزوج/ة | J22: ليال محمد خير الغوص | K22: هوية شخصية | M22: 3330040499 | N22: 1764673627769.jpg | O22: https://eu.kobotoolbox.org/api/v2/assets/asidN676GwD9kVUoocseLY/data/728855174/attachments/attwi8Sk96A92NnYXnFEPVsU/ | P22: 1764673636932.jpg | Q22: https://eu.kobotoolbox.org/api/v2/assets/asidN676GwD9kVUoocseLY/data/728855174/attachments/attJQcY5t4bhvD3VP5gp2cGh/ | R22: ريف دمشق | S22: مركز ريف دمشق | T22: عربين | U22: زملكا عند نادي الببيلي | V22: 940437059 | X22: لا | AL22: لا | AT22: غير ذلك | AU22: 1 | AV22: 6 | AX22: 1 | AY22: 1 | AZ22: 1 | BA22: 1 | BB22: 1 | BC22: 1 | BD22: 0 | BE22: 0 | BF22: 0 | BG22: 0 | BH22: 0 | BI22: 0 | BJ22: 0 | BK22: أعمال حرة | BL22: 1 | BM22: نازح حالياً | BN22: زملكا | BO22: زملكا يمين الجسر | BP22: 33.525985 | BQ22: 36.34537 | BR22: مالك | BS22: نعم | BT22: حكم محكمة | BU22: 45628 | BV22: 1764673979407.jpg | BW22: https://eu.kobotoolbox.org/api/v2/assets/asidN676GwD9kVUoocseLY/data/728855174/attachments/attM7YF3GMcnQx7xJKHn2tTP/ | BX22: شقة طابقية | BY22: 3 | BZ22: 2 | CA22: 65 | CB22: نعم | CC22: نعم | CD22: نعم | CE22: لا | CF22: تعمل | CG22: نعم | CH22: لا | CI22: لا | CJ22: لا يوجد ضرر | CK22: 1764673865161.jpg | CL22: https://eu.kobotoolbox.org/api/v2/assets/asidN676GwD9kVUoocseLY/data/728855174/attachments/att9td3vQDDNbT6UEcbqcdwT/ | CM22: 1764673874049.jpg | CN22: https://eu.kobotoolbox.org/api/v2/assets/asidN676GwD9kVUoocseLY/data/728855174/attachments/attfKsTZ7oy4PZ2mwkpUgxQs/ | CO22: 1764673882107.jpg | CP22: https://eu.kobotoolbox.org/api/v2/assets/asidN676GwD9kVUoocseLY/data/728855174/attachments/attmf8pKu4L63aXfxSsqUXze/ | CQ22: 1764673891657.jpg | CR22: https://eu.kobotoolbox.org/api/v2/assets/asidN676GwD9kVUoocseLY/data/728855174/attachments/att8BRztZW63jHWtvTK6bLFe/ | CS22: 1764673898135.jpg | CT22: https://eu.kobotoolbox.org/api/v2/assets/asidN676GwD9kVUoocseLY/data/728855174/attachments/attywYDUjmCWRRgZj7UduGKb/ | CU22: 1764673928482.jpg | CV22: https://eu.kobotoolbox.org/api/v2/assets/asidN676GwD9kVUoocseLY/data/728855174/attachments/attDpGpQx5fJyJAy4SwwBbtF/ | CW22: 1764673936390.jpg | CX22: https://eu.kobotoolbox.org/api/v2/assets/asidN676GwD9kVUoocseLY/data/728855174/attachments/attxoPFYtFbdmCMJ3xRYjJVf/ | CY22: 1764673942565.jpg | CZ22: https://eu.kobotoolbox.org/api/v2/assets/asidN676GwD9kVUoocseLY/data/728855174/attachments/attuZbdxCkZEhJjt7Zj24Ngf/ | DA22: نعم | DN22: لا | DO22: الرقم التسلسلي 56 | DP22: C3
A23: 22 | B23: 45993 | C23: احمد | D23: سمير | E23: عثمان | F23: افتكار باكير | G23: ذكر | H23: 33052 | I23: متزوج/ة | J23: راما رياض باكير | K23: هوية شخصية | M23: 3330040521 | N23: 1764674501071.jpg | O23: https://eu.kobotoolbox.org/api/v2/assets/asidN676GwD9kVUoocseLY/data/728855450/attachments/attrEfb5spDXJHP6NRKihYQy/ | P23: 1764674508656.jpg | Q23: https://eu.kobotoolbox.org/api/v2/assets/asidN676GwD9kVUoocseLY/data/728855450/attachments/attQHbgF4iepZ47yi2SGAd8M/ | R23: ريف دمشق | S23: مركز ريف دمشق | T23: عربين | U23: زملكا موقف جوبر | V23: 958615824 | X23: لا | AL23: لا | AT23: غير ذلك | AU23: 1 | AV23: 5 | AX23: 1 | AY23: 1 | AZ23: 1 | BA23: 0 | BB23: 2 | BC23: 0 | BD23: 0 | BE23: 0 | BF23: 0 | BG23: 0 | BH23: 0 | BI23: 0 | BJ23: 0 | BK23: أعمال حرة | BL23: 1 | BM23: نازح حالياً | BN23: زملكا | BO23: زملكا على يمين الجسر | BP23: 33.525985 | BQ23: 36.345403 | BR23: مالك | BS23: لا | BX23: شقة طابقية | BY23: 4 | BZ23: 5 | CA23: 60 | CB23: نعم | CC23: نعم | CD23: نعم | CE23: لا | CF23: تعمل | CG23: نعم | CH23: لا | CI23: لا | CJ23: ضرر خفيف | CK23: 1764674673417.jpg | CL23: https://eu.kobotoolbox.org/api/v2/assets/asidN676GwD9kVUoocseLY/data/728855450/attachments/attvb8LdJzjTro2x6kw448Z5/ | CM23: 1764674681608.jpg | CN23: https://eu.kobotoolbox.org/api/v2/assets/asidN676GwD9kVUoocseLY/data/728855450/attachments/attA5fLUXhmGbyzkS9GggcDQ/ | CO23: 1764674690930.jpg | CP23: https://eu.kobotoolbox.org/api/v2/assets/asidN676GwD9kVUoocseLY/data/728855450/attachments/attpthLJhTTUN3TuEQemogoB/ | CQ23: 1764674749589.jpg | CR23: https://eu.kobotoolbox.org/api/v2/assets/asidN676GwD9kVUoocseLY/data/728855450/attachments/attQyFB4jHQzaxs9nXoGjuoa/ | CS23: 1764674697708.jpg | CT23: https://eu.kobotoolbox.org/api/v2/assets/asidN676GwD9kVUoocseLY/data/728855450/attachments/attiBresVFem8Urv8vcMMRfw/ | CU23: 1764674709529.jpg | CV23: https://eu.kobotoolbox.org/api/v2/assets/asidN676GwD9kVUoocseLY/data/728855450/attachments/attwcBNdPqw9jxapRDkpPHsa/ | CW23: 1764674716074.jpg | CX23: https://eu.kobotoolbox.org/api/v2/assets/asidN676GwD9kVUoocseLY/data/728855450/attachments/attmA6F3uuSErmbZKdeZ4fhv/ | CY23: 1764674720771.jpg | CZ23: https://eu.kobotoolbox.org/api/v2/assets/asidN676GwD9kVUoocseLY/data/728855450/attachments/att25u5HJ9tvNBGSJeNkioJe/ | DA23: نعم | DN23: لا | DO23: رقم تسلسلي 55 سيقوم بتزويد المجلس المحلي بورقة الطابو | DP23: C3
A24: 23 | B24: 45993 | C24: نسيبة | D24: محمود | E24: عثمان | F24: بديعة خليفة | G24: ذكر | H24: 30812 | I24: متزوج/ة | J24: فاتح الخولي | K24: هوية شخصية | M24: 3330000318 | N24: 1764675341823.jpg | O24: https://eu.kobotoolbox.org/api/v2/assets/asidN676GwD9kVUoocseLY/data/728855588/attachments/attKTR4eHw4maUNjcm7oNcn7/ | P24: 1764675349623.jpg | Q24: https://eu.kobotoolbox.org/api/v2/assets/asidN676GwD9kVUoocseLY/data/728855588/attachments/attZ8PBTxRFxdJ7QimXD2aKB/ | R24: ريف دمشق | S24: مركز ريف دمشق | T24: عربين | U24: زملكا خلف جامع رضوان بناء الشيخ | V24: 933326844 | X24: لا | AL24: لا | AT24: غير ذلك | AU24: 1 | AV24: 6 | AX24: 1 | AY24: 1 | AZ24: 1 | BA24: 1 | BB24: 1 | BC24: 1 | BD24: 0 | BE24: 0 | BF24: 0 | BG24: 0 | BH24: 0 | BI24: 0 | BJ24: 0 | BK24: لا يوجد مصدر دخل | BL24: 0 | BM24: نازح حالياً | BN24: زملكا | BO24: زملكا يمين الجسر | BP24: 33.526008 | BQ24: 36.345443 | BR24: مالك | BS24: لا | BX24: شقة طابقية | BY24: 3 | BZ24: 1 | CA24: 65 | CB24: نعم | CC24: نعم | CD24: نعم | CE24: لا | CF24: تعمل | CG24: نعم | CH24: لا | CI24: لا | CJ24: ضرر خفيف | CK24: 1764675573605.jpg | CL24: https://eu.kobotoolbox.org/api/v2/assets/asidN676GwD9kVUoocseLY/data/728855588/attachments/atttCJXUGTcHrsaWUaRv4NhQ/ | CM24: 1764675580181.jpg | CN24: https://eu.kobotoolbox.org/api/v2/assets/asidN676GwD9kVUoocseLY/data/728855588/attachments/attqc46q36k9XuFLUSzRa4eL/ | CO24: 1764675594698.jpg | CP24: https://eu.kobotoolbox.org/api/v2/assets/asidN676GwD9kVUoocseLY/data/728855588/attachments/atthLxHzsuLSq4EuJSdjeFMf/ | CQ24: 1764675600683.jpg | CR24: https://eu.kobotoolbox.org/api/v2/assets/asidN676GwD9kVUoocseLY/data/728855588/attachments/attGW2ztehteY3LB239rpsc6/ | CS24: 1764675608365.jpg | CT24: https://eu.kobotoolbox.org/api/v2/assets/asidN676GwD9kVUoocseLY/data/728855588/attachments/attjdkWZ4gbCoPhwsbeYFbVY/ | CU24: 1764675619875.jpg | CV24: https://eu.kobotoolbox.org/api/v2/assets/asidN676GwD9kVUoocseLY/data/728855588/attachments/attmBn2h276NqJkmcuivnMG2/ | CW24: 1764675627879.jpg | CX24: https://eu.kobotoolbox.org/api/v2/assets/asidN676GwD9kVUoocseLY/data/728855588/attachments/att4KfdEGtA99stZFkUds6eg/ | CY24: 1764675634135.jpg | CZ24: https://eu.kobotoolbox.org/api/v2/assets/asidN676GwD9kVUoocseLY/data/728855588/attachments/attTtmvYu7nsfHLTsDSJrhfg/ | DA24: نعم | DN24: لا | DO24: رقم تسلسلي 53 سيتم تقديم اوراق الثبوتية للادارة المحلية | DP24: C3
A25: 24 | B25: 45994 | C25: مامون | D25: محمود | E25: موسى | F25: حياة | G25: ذكر | H25: 17900 | I25: متزوج/ة | J25: سهام احمد بدوي الزيبق | K25: دفتر عائلة | M25: 3330042146 | N25: 1764675721270.jpg | O25: https://eu.kobotoolbox.org/api/v2/assets/asidN676GwD9kVUoocseLY/data/729029899/attachments/attHzFX74EfpSC8rDVvPhLBy/ | P25: 1764675756641.jpg | Q25: https://eu.kobotoolbox.org/api/v2/assets/asidN676GwD9kVUoocseLY/data/729029899/attachments/attz7RafHadWNwfM4fDZTb6M/ | R25: ريف دمشق | S25: مركز ريف دمشق | T25: عربين | U25: الحمام | V25: 988021469 | X25: لا | AL25: لا | AT25: غير ذلك | AU25: 1 | AV25: 5 | AX25: 1 | AY25: 1 | AZ25: 0 | BA25: 0 | BB25: 1 | BC25: 2 | BD25: 0 | BE25: 0 | BF25: 0 | BG25: 0 | BH25: 0 | BI25: 0 | BJ25: 0 | BK25: عمل حكومي | BL25: 1 | BM25: عائد من النزوح الداخلي | BN25: زملكا | BO25: الحمام | BP25: 33.526524 | BQ25: 36.359292 | BR25: مالك | BS25: لا | BX25: منزل مستقل | BY25: 3 | BZ25: 0 | CA25: 75 | CB25: نعم | CC25: نعم | CD25: لا | CE25: لا | CF25: لا تعمل | CG25: نعم | CH25: لا | CI25: لا | CJ25: ضرر خفيف | CK25: 1764676294947.jpg | CL25: https://eu.kobotoolbox.org/api/v2/assets/asidN676GwD9kVUoocseLY/data/729029899/attachments/att2qthHqQcZekaG7ZFWtpz6/ | CM25: 1764676310375.jpg | CN25: https://eu.kobotoolbox.org/api/v2/assets/asidN676GwD9kVUoocseLY/data/729029899/attachments/attnXsriqouDm3KwgRvcBenm/ | CO25: 1764676326985.jpg | CP25: https://eu.kobotoolbox.org/api/v2/assets/asidN676GwD9kVUoocseLY/data/729029899/attachments/attcCVqcMx9r9eWkpw3SQYeE/ | CQ25: 1764676342582.jpg | CR25: https://eu.kobotoolbox.org/api/v2/assets/asidN676GwD9kVUoocseLY/data/729029899/attachments/attqVTEE5tCi3gSYXkhLdSgo/ | CS25: 1764676355431.jpg | CT25: https://eu.kobotoolbox.org/api/v2/assets/asidN676GwD9kVUoocseLY/data/729029899/attachments/attYxemFNVtuqvvT2nxUL2AE/ | CU25: 1764676389100.jpg | CV25: https://eu.kobotoolbox.org/api/v2/assets/asidN676GwD9kVUoocseLY/data/729029899/attachments/attRJLhkTittC2t3ALebemzg/ | CW25: 1764676443199.jpg | CX25: https://eu.kobotoolbox.org/api/v2/assets/asidN676GwD9kVUoocseLY/data/729029899/attachments/attS2VRWVXxDdb2bZopAYj76/ | CY25: 1764676482173.jpg | CZ25: https://eu.kobotoolbox.org/api/v2/assets/asidN676GwD9kVUoocseLY/data/729029899/attachments/attpgmZGrmhw6w3nGxJEG8dz/ | DA25: نعم | DN25: لا | DO25: تم تزكيته من المجلس البلدي والمحلي | DP25: C3
A26: 25 | B26: 45994 | C26: علي | D26: طراد | E26: حسين | F26: فاطمة | G26: ذكر | H26: 27352 | I26: متزوج/ة | J26: غنية نواف عمر | K26: هوية شخصية | M26: 3280045435 | N26: 1764663742158.jpg | O26: https://eu.kobotoolbox.org/api/v2/assets/asidN676GwD9kVUoocseLY/data/729030093/attachments/attE3GnSY2nZ9gid8itcqs3u/ | P26: 1764663755256.jpg | Q26: https://eu.kobotoolbox.org/api/v2/assets/asidN676GwD9kVUoocseLY/data/729030093/attachments/attQ6PhjA7XVsQc88dJqgc96/ | R26: ريف دمشق | S26: مركز ريف دمشق | T26: عربين | U26: حي المزرعة قرب مسجد التوفيق | V26: 992857827 | X26: لا | AL26: لا | AT26: غير ذلك | AU26: 1 | AV26: 10 | AX26: 2 | AY26: 6 | AZ26: 1 | BA26: 0 | BB26: 1 | BC26: 0 | BD26: 0 | BE26: 0 | BF26: 0 | BG26: 0 | BH26: 0 | BI26: 0 | BJ26: 0 | BK26: عمل حكومي | BL26: 2 | BM26: عائد من النزوح الداخلي | BN26: زملكا | BO26: المزرعة | BP26: 33.526239 | BQ26: 36.364813 | BR26: مالك | BS26: لا | BX26: شقة طابقية | BY26: 3 | BZ26: 1 | CA26: 70 | CB26: نعم | CC26: نعم | CD26: نعم | CE26: لا | CF26: لا تعمل | CG26: لا | CH26: لا | CI26: لا | CJ26: لا يوجد ضرر | CK26: 1764664450838.jpg | CL26: https://eu.kobotoolbox.org/api/v2/assets/asidN676GwD9kVUoocseLY/data/729030093/attachments/attTGxY5sBN7sBvoHS3uRL5r/ | CM26: 1764664465625.jpg | CN26: https://eu.kobotoolbox.org/api/v2/assets/asidN676GwD9kVUoocseLY/data/729030093/attachments/attAuQewUdBhbVB9KmQc64zR/ | CO26: 1764664491576.jpg | CP26: https://eu.kobotoolbox.org/api/v2/assets/asidN676GwD9kVUoocseLY/data/729030093/attachments/attTmxP9xTjTpZNFjm6NkxUi/ | CQ26: 1764664517755.jpg | CR26: https://eu.kobotoolbox.org/api/v2/assets/asidN676GwD9kVUoocseLY/data/729030093/attachments/attJSMkAAHiQVyBWUM5vMqoJ/ | CS26: 1764664547215.jpg | CT26: https://eu.kobotoolbox.org/api/v2/assets/asidN676GwD9kVUoocseLY/data/729030093/attachments/attmL9QQCQCJU7pF5HHdkqjv/ | CU26: 1764664574885.jpg | CV26: https://eu.kobotoolbox.org/api/v2/assets/asidN676GwD9kVUoocseLY/data/729030093/attachments/atttniguofKJnxckrdTNgV7w/ | CW26: 1764664591215.jpg | CX26: https://eu.kobotoolbox.org/api/v2/assets/asidN676GwD9kVUoocseLY/data/729030093/attachments/att5V5Ce8ddhZDyH95iiSbbL/ | CY26: 1764664620913.jpg | CZ26: https://eu.kobotoolbox.org/api/v2/assets/asidN676GwD9kVUoocseLY/data/729030093/attachments/attC2D7QAiaaJkoLQVbb7oKx/ | DA26: نعم | DN26: لا | DO26: 148 | DP26: C3
A27: 26 | B27: 45994 | C27: محمد | D27: عدنان | E27: العلبي | F27: قمر | G27: ذكر | H27: 24902 | I27: متزوج/ة | J27: عائدة اسماعيل زيتون | K27: هوية شخصية | M27: 1010350790 | N27: 1764673215283.jpg | O27: https://eu.kobotoolbox.org/api/v2/assets/asidN676GwD9kVUoocseLY/data/729030312/attachments/attDVEjPkD4asqLQV68h7pod/ | P27: 1764673248830.jpg | Q27: https://eu.kobotoolbox.org/api/v2/assets/asidN676GwD9kVUoocseLY/data/729030312/attachments/attFrCUqxuoyMafMhtwRduS6/ | R27: ريف دمشق | S27: مركز ريف دمشق | T27: عربين | U27: حي المزرعة شارع الحمام | V27: 956802740 | X27: لا | AL27: لا | AT27: غير ذلك | AU27: 1 | AV27: 4 | AX27: 2 | AY27: 2 | AZ27: 0 | BA27: 0 | BB27: 0 | BC27: 0 | BD27: 0 | BE27: 0 | BF27: 0 | BG27: 0 | BH27: 0 | BI27: 0 | BJ27: 0 | BK27: أعمال حرة | BL27: 1 | BM27: عائد من اللجوء الخارجي | BN27: زملكا | BO27: مزرعة | BP27: 33.525939 | BQ27: 36.363838 | BR27: مالك | BS27: لا | BX27: شقة طابقية | BY27: 5 | BZ27: 0 | CA27: 1002 | CB27: نعم | CC27: نعم | CD27: نعم | CE27: لا | CF27: تعمل | CG27: نعم | CH27: لا | CI27: لا | CJ27: ضرر خفيف | CK27: 1764673923765.jpg | CL27: https://eu.kobotoolbox.org/api/v2/assets/asidN676GwD9kVUoocseLY/data/729030312/attachments/attzgSiwn9fEyHYxXK6GUrhg/ | CM27: 1764673936601.jpg | CN27: https://eu.kobotoolbox.org/api/v2/assets/asidN676GwD9kVUoocseLY/data/729030312/attachments/attBLw5RNDToKQV4RfFUmPXb/ | CO27: 1764673956617.jpg | CP27: https://eu.kobotoolbox.org/api/v2/assets/asidN676GwD9kVUoocseLY/data/729030312/attachments/attge3k9Fv886mxggjRx2Sf5/ | CQ27: 1764673983654.jpg | CR27: https://eu.kobotoolbox.org/api/v2/assets/asidN676GwD9kVUoocseLY/data/729030312/attachments/attnSC8ppY2ccLGDeUx9Jh3Z/ | CS27: 1764673997203.jpg | CT27: https://eu.kobotoolbox.org/api/v2/assets/asidN676GwD9kVUoocseLY/data/729030312/attachments/att2pHZDUjy8VkN5y6uC2Q9J/ | CU27: 1764674050453.jpg | CV27: https://eu.kobotoolbox.org/api/v2/assets/asidN676GwD9kVUoocseLY/data/729030312/attachments/attLT5uXPyMSWvxeuygVbFmz/ | CW27: 1764674070270.jpg | CX27: https://eu.kobotoolbox.org/api/v2/assets/asidN676GwD9kVUoocseLY/data/729030312/attachments/attsHEpnUbEJHRSmcgQS3BeY/ | CY27: 1764674093934.jpg | CZ27: https://eu.kobotoolbox.org/api/v2/assets/asidN676GwD9kVUoocseLY/data/729030312/attachments/attqiRpVPAozwDNGHYQuDjdg/ | DA27: نعم | DN27: لا | DO27: 155 | DP27: C3
A28: 27 | B28: 45994 | C28: عبد الغني | D28: خالد | E28: نوح | F28: فاطمة | G28: ذكر | H28: 18255 | I28: متزوج/ة | J28: فايزة بدوي نوح | K28: هوية شخصية | M28: 3330027307 | N28: 1764666117370.jpg | O28: https://eu.kobotoolbox.org/api/v2/assets/asidN676GwD9kVUoocseLY/data/729038332/attachments/attegRMdVThjkPZC7keH4fxu/ | P28: 1764666129921.jpg | Q28: https://eu.kobotoolbox.org/api/v2/assets/asidN676GwD9kVUoocseLY/data/729038332/attachments/attryDKKTqTiBpsuuytWJmFY/ | R28: ريف دمشق | S28: مركز ريف دمشق | T28: عربين | U28: مزرعة آخر شارع الحمام | V28: 962848088 | X28: لا | AL28: لا | AT28: منزل يعيله رجل كبير بالسن (فوق 60 سنة) | AU28: 1 | AV28: 8 | AX28: 3 | AY28: 2 | AZ28: 2 | BA28: 0 | BB28: 1 | BC28: 0 | BD28: 0 | BE28: 0 | BF28: 0 | BG28: 1 | BH28: 0 | BI28: 0 | BJ28: 0 | BK28: أعمال حرة | BL28: 3 | BM28: مقيم ولم أنزح | BN28: زملكا | BO28: المزرعة | BP28: 33.526667 | BQ28: 36.363999 | BR28: مالك | BS28: لا | BX28: شقة طابقية | BY28: 2 | BZ28: 1 | CA28: 70 | CB28: نعم | CC28: نعم | CD28: نعم | CE28: لا | CF28: تعمل | CG28: نعم | CH28: لا | CI28: لا | CJ28: ضرر خفيف | CK28: 1764666738371.jpg | CL28: https://eu.kobotoolbox.org/api/v2/assets/asidN676GwD9kVUoocseLY/data/729038332/attachments/attGqzUWuQ8Hmrm4UvwgomAn/ | CM28: 1764666985766.jpg | CN28: https://eu.kobotoolbox.org/api/v2/assets/asidN676GwD9kVUoocseLY/data/729038332/attachments/att9dZ2RFCe6re5Z5U7cUT2J/ | CO28: 1764666998598.jpg | CP28: https://eu.kobotoolbox.org/api/v2/assets/asidN676GwD9kVUoocseLY/data/729038332/attachments/attBtRS9sdfAqSPowvsryYBM/ | CQ28: 1764667013731.jpg | CR28: https://eu.kobotoolbox.org/api/v2/assets/asidN676GwD9kVUoocseLY/data/729038332/attachments/attQQreaHCd7scvyoYL8aAEK/ | CS28: 1764667025390.jpg | CT28: https://eu.kobotoolbox.org/api/v2/assets/asidN676GwD9kVUoocseLY/data/729038332/attachments/att8huKwPFkbev7p8LJraduY/ | CU28: 1764667041916.jpg | CV28: https://eu.kobotoolbox.org/api/v2/assets/asidN676GwD9kVUoocseLY/data/729038332/attachments/attXfm9HoGyuCimayKe3HtsF/ | CW28: 1764667054412.jpg | CX28: https://eu.kobotoolbox.org/api/v2/assets/asidN676GwD9kVUoocseLY/data/729038332/attachments/attsFkQVedazuBwNhmV6bYxU/ | CY28: 1764667061689.jpg | CZ28: https://eu.kobotoolbox.org/api/v2/assets/asidN676GwD9kVUoocseLY/data/729038332/attachments/att3MMEvXYtLDGc93ZALVw7D/ | DA28: نعم | DN28: لا | DO28: 256 | DP28: C3
A29: 28 | B29: 45994 | C29: مصطفى | D29: عدنان | E29: العلبي | F29: قمر | G29: ذكر | H29: 25659 | I29: متزوج/ة | J29: نور محمود الحمصي | K29: هوية شخصية | M29: 1010356146 | N29: 1764670461045.jpg | O29: https://eu.kobotoolbox.org/api/v2/assets/asidN676GwD9kVUoocseLY/data/729047968/attachments/attoR3KsWKfwhEUZBbQCUw8X/ | P29: 1764670472142.jpg | Q29: https://eu.kobotoolbox.org/api/v2/assets/asidN676GwD9kVUoocseLY/data/729047968/attachments/att64RB3P4ttuVLJGJv7FLKM/ | R29: ريف دمشق | S29: مركز ريف دمشق | T29: عربين | U29: مزرعة حارة الحمام | V29: 953507680 | X29: لا | AL29: لا | AT29: غير ذلك | AU29: 2 | AV29: 8 | AX29: 3 | AY29: 2 | AZ29: 0 | BA29: 1 | BB29: 1 | BC29: 1 | BD29: 1 | BE29: 0 | BF29: 0 | BG29: 0 | BH29: 0 | BI29: 2 | BJ29: 0 | BK29: أعمال حرة | BL29: 1 | BM29: عائد من النزوح الداخلي | BN29: زملكا | BO29: مزرعة حارة الحمام | BP29: 33.526512 | BQ29: 36.362601 | BR29: مالك | BS29: لا | BX29: شقة طابقية | BY29: 5 | BZ29: 1 | CA29: 100 | CB29: نعم | CC29: نعم | CD29: نعم | CE29: لا | CF29: تعمل | CG29: نعم | CH29: لا | CI29: لا | CJ29: ضرر خفيف | CK29: 1764670965313.jpg | CL29: https://eu.kobotoolbox.org/api/v2/assets/asidN676GwD9kVUoocseLY/data/729047968/attachments/att6knGrpVvR8PMFy8CAPrBr/ | CM29: 1764670991148.jpg | CN29: https://eu.kobotoolbox.org/api/v2/assets/asidN676GwD9kVUoocseLY/data/729047968/attachments/atttYWfmcsZFgG9gw8mAASc4/ | CO29: 1764671011869.jpg | CP29: https://eu.kobotoolbox.org/api/v2/assets/asidN676GwD9kVUoocseLY/data/729047968/attachments/attzXAnN2gTn3nec2uCEGTrL/ | CQ29: 1764671034332.jpg | CR29: https://eu.kobotoolbox.org/api/v2/assets/asidN676GwD9kVUoocseLY/data/729047968/attachments/attcVx4vfYnuJotqRZVjsSgv/ | CS29: 1764671060662.jpg | CT29: https://eu.kobotoolbox.org/api/v2/assets/asidN676GwD9kVUoocseLY/data/729047968/attachments/attaYgCTFsxp3mHGVWYojR67/ | CU29: 1764671074653.jpg | CV29: https://eu.kobotoolbox.org/api/v2/assets/asidN676GwD9kVUoocseLY/data/729047968/attachments/attVb4BEh3zkYVSno28DpeNi/ | CW29: 1764671089407.jpg | CX29: https://eu.kobotoolbox.org/api/v2/assets/asidN676GwD9kVUoocseLY/data/729047968/attachments/attQS85yZko5DAaLM7i53NFr/ | CY29: 1764671102707.jpg | CZ29: https://eu.kobotoolbox.org/api/v2/assets/asidN676GwD9kVUoocseLY/data/729047968/attachments/attWRzifRTDacdm3XMVZhtrZ/ | DA29: نعم | DN29: لا | DO29: 154 | DP29: C3
A30: 29 | B30: 45994 | C30: ماهر | D30: محمد | E30: نوح | F30: صباح | G30: ذكر | H30: 30204 | I30: متزوج/ة | J30: نور ريحان | K30: هوية شخصية | M30: 98288640927 | N30: 1764748237289.jpg | O30: https://eu.kobotoolbox.org/api/v2/assets/asidN676GwD9kVUoocseLY/data/729092173/attachments/attbVfa5Mop9b4F65vH8meGz/ | P30: 1764748311563.jpg | Q30: https://eu.kobotoolbox.org/api/v2/assets/asidN676GwD9kVUoocseLY/data/729092173/attachments/attmh6na2Trt9DZEvdSMfUqr/ | R30: ريف دمشق | S30: مركز ريف دمشق | T30: عربين | U30: مزرعة شارع الحمام | V30: 994802114 | X30: لا | AL30: لا | AT30: غير ذلك | AU30: 1 | AV30: 6 | AX30: 1 | AY30: 2 | AZ30: 0 | BA30: 0 | BB30: 1 | BC30: 2 | BD30: 1 | BE30: 0 | BF30: 0 | BG30: 0 | BH30: 0 | BI30: 0 | BJ30: 0 | BK30: أعمال حرة | BL30: 1 | BM30: نازح حالياً | BN30: زملكا | BO30: شارع الحمام | BP30: 33.526141 | BQ30: 36.362684 | BR30: مهجّر عائد | BS30: لا | BX30: شقة طابقية | BY30: 3 | BZ30: 2 | CA30: 75 | CB30: نعم | CC30: نعم | CD30: نعم | CE30: لا | CF30: لا تعمل | CG30: لا | CH30: لا | CI30: لا | CJ30: ضرر خفيف | CK30: 1764748798085.jpg | CL30: https://eu.kobotoolbox.org/api/v2/assets/asidN676GwD9kVUoocseLY/data/729092173/attachments/attALgJy3PiHaS4a3K5snumd/ | CM30: 1764748811152.jpg | CN30: https://eu.kobotoolbox.org/api/v2/assets/asidN676GwD9kVUoocseLY/data/729092173/attachments/attccoxVPJRnjHn5X7kxEbmE/ | CO30: 1764748824188.jpg | CP30: https://eu.kobotoolbox.org/api/v2/assets/asidN676GwD9kVUoocseLY/data/729092173/attachments/attDZho36KJNBCDNVNdTiHGQ/ | CQ30: 1764748852808.jpg | CR30: https://eu.kobotoolbox.org/api/v2/assets/asidN676GwD9kVUoocseLY/data/729092173/attachments/attLmKH57RUMuqeM4p8Pihe8/ | CS30: 1764748866719.jpg | CT30: https://eu.kobotoolbox.org/api/v2/assets/asidN676GwD9kVUoocseLY/data/729092173/attachments/attXD6Q5mo4MaYbJAsKPhqb2/ | CU30: 1764748896911.jpg | CV30: https://eu.kobotoolbox.org/api/v2/assets/asidN676GwD9kVUoocseLY/data/729092173/attachments/attcV9kqRUrfAaajCupuaEXM/ | CW30: 1764748930755.jpg | CX30: https://eu.kobotoolbox.org/api/v2/assets/asidN676GwD9kVUoocseLY/data/729092173/attachments/attzmjcL4zJBrn4pN7rdoh4M/ | CY30: 1764748952303.jpg | CZ30: https://eu.kobotoolbox.org/api/v2/assets/asidN676GwD9kVUoocseLY/data/729092173/attachments/att3zxJwLZ5qiACgGkQket8T/ | DA30: نعم | DN30: لا | DO30: 259 | DP30: C3
A31: 30 | B31: 45994 | C31: بدوي | D31: محمد | E31: نوح | F31: سحر | G31: ذكر | H31: 29587 | I31: متزوج/ة | J31: هدية مامون ادريس | K31: هوية شخصية | M31: 3330071378 | N31: 1764750098985.jpg | O31: https://eu.kobotoolbox.org/api/v2/assets/asidN676GwD9kVUoocseLY/data/729093801/attachments/attbDD3aUinq9hULhcCooALD/ | P31: 1764750134012.jpg | Q31: https://eu.kobotoolbox.org/api/v2/assets/asidN676GwD9kVUoocseLY/data/729093801/attachments/attp4zngC25RUQXXyr9C4mAw/ | R31: ريف دمشق | S31: مركز ريف دمشق | T31: عربين | U31: مزرعة شارع الحمام | V31: 994802114 | X31: لا | AL31: لا | AT31: غير ذلك | AU31: 1 | AV31: 4 | AX31: 2 | AY31: 0 | AZ31: 0 | BA31: 1 | BB31: 1 | BC31: 0 | BD31: 0 | BE31: 0 | BF31: 0 | BG31: 0 | BH31: 0 | BI31: 0 | BJ31: 0 | BK31: لا يوجد مصدر دخل | BL31: 0 | BM31: مقيم ولم أنزح | BN31: زملكا | BO31: مزرعة | BP31: 33.526138 | BQ31: 36.36271 | BR31: مالك | BS31: لا | BX31: شقة طابقية | BY31: 3 | BZ31: 0 | CA31: 75 | CB31: نعم | CC31: نعم | CD31: نعم | CE31: لا | CF31: تعمل | CG31: نعم | CH31: لا | CI31: لا | CJ31: ضرر خفيف | CK31: 1764750564834.jpg | CL31: https://eu.kobotoolbox.org/api/v2/assets/asidN676GwD9kVUoocseLY/data/729093801/attachments/attMyHGmxh3QjdGA7vJbTyvm/ | CM31: 1764750581196.jpg | CN31: https://eu.kobotoolbox.org/api/v2/assets/asidN676GwD9kVUoocseLY/data/729093801/attachments/attdVvSyEeLbKxCkMszGLcuG/ | CO31: 1764750595781.jpg | CP31: https://eu.kobotoolbox.org/api/v2/assets/asidN676GwD9kVUoocseLY/data/729093801/attachments/attJdKtsoSrufSzyYU5vvkmf/ | CQ31: 1764750614015.jpg | CR31: https://eu.kobotoolbox.org/api/v2/assets/asidN676GwD9kVUoocseLY/data/729093801/attachments/attxd9cBSfVjmpeCrs2syKZS/ | CS31: 1764750630221.jpg | CT31: https://eu.kobotoolbox.org/api/v2/assets/asidN676GwD9kVUoocseLY/data/729093801/attachments/att6xiSs2ipnKJNHD2kdLtnD/ | CU31: 1764750652175.jpg | CV31: https://eu.kobotoolbox.org/api/v2/assets/asidN676GwD9kVUoocseLY/data/729093801/attachments/attJGHp37cwAhLPvVH2eTygR/ | CW31: 1764750678604.jpg | CX31: https://eu.kobotoolbox.org/api/v2/assets/asidN676GwD9kVUoocseLY/data/729093801/attachments/attbMzS3By4NciLfqy74JB5p/ | CY31: 1764750693494.jpg | CZ31: https://eu.kobotoolbox.org/api/v2/assets/asidN676GwD9kVUoocseLY/data/729093801/attachments/attykEnHc4exiyMbVJViofCj/ | DA31: نعم | DN31: لا | DO31: 42 | DP31: C3
A32: 31 | B32: 45994 | C32: نعيم | D32: محمد صبحي | E32: قشيط | F32: أمية شريفي | G32: ذكر | H32: 35796 | I32: متزوج/ة | J32: راما عبدالحميد قشيط | K32: إخراج قيد | M32: 7090096325 | N32: 1764750308146.jpg | O32: https://eu.kobotoolbox.org/api/v2/assets/asidN676GwD9kVUoocseLY/data/729124582/attachments/atto2CcJpjaSLmpNgwoctChv/ | P32: 1764750321300.jpg | Q32: https://eu.kobotoolbox.org/api/v2/assets/asidN676GwD9kVUoocseLY/data/729124582/attachments/att9Zok2UYUefPzw88VtCSUd/ | R32: إدلب | S32: معرة النعمان | T32: مركز معرة النعمان | U32: الحارة الشرقية ،جانب جامع الحسين | V32: 963951888420 | W32: 905415368924 | X32: لا | AL32: نعم | AM32: اخرى | AN32: 0 | AO32: 0 | AP32: 0 | AQ32: 0 | AR32: 1 | AS32: ربو | AT32: غير ذلك | AU32: 1 | AV32: 6 | AX32: 1 | AY32: 2 | AZ32: 0 | BA32: 0 | BB32: 2 | BC32: 1 | BD32: 1 | BE32: 0 | BF32: 0 | BG32: 0 | BH32: 0 | BI32: 0 | BJ32: 0 | BK32: عمل حكومي | BL32: 1 | BM32: عائد من النزوح الداخلي | BN32: مركز معرة النعمان | BO32: معرة النعمان ،الحارة الشرقية ،جانب جامع الحسين | BP32: 35.646687 | BQ32: 36.688348 | BR32: مالك | BS32: لا | BX32: منزل مستقل | BY32: 4 | BZ32: 1 | CA32: 175 | CB32: نعم | CC32: نعم | CD32: لا | CE32: لا | CF32: تعمل | CG32: نعم | CH32: لا | CI32: لا | CJ32: ضرر خفيف | CK32: 1764750570104.jpg | CL32: https://eu.kobotoolbox.org/api/v2/assets/asidN676GwD9kVUoocseLY/data/729124582/attachments/att7xTW2z5sEoGZ92VRFqgLK/ | CM32: 1764750578031.jpg | CN32: https://eu.kobotoolbox.org/api/v2/assets/asidN676GwD9kVUoocseLY/data/729124582/attachments/attcJKRs8n5QVQzvrAA3qd5B/ | CO32: 1764750591825.jpg | CP32: https://eu.kobotoolbox.org/api/v2/assets/asidN676GwD9kVUoocseLY/data/729124582/attachments/attdxfduoZwzgmkuiMRfdrbj/ | CQ32: 1764750639806.jpg | CR32: https://eu.kobotoolbox.org/api/v2/assets/asidN676GwD9kVUoocseLY/data/729124582/attachments/attaErJ6Bd96JQ2ueZrjEZmB/ | CS32: 1764750598334.jpg | CT32: https://eu.kobotoolbox.org/api/v2/assets/asidN676GwD9kVUoocseLY/data/729124582/attachments/attWgmqVoHU5damFz6kGNKYT/ | CU32: 1764750654166.jpg | CV32: https://eu.kobotoolbox.org/api/v2/assets/asidN676GwD9kVUoocseLY/data/729124582/attachments/attw7VZxtMZuigdbWXJmSFaz/ | CW32: 1764750606454.jpg | CX32: https://eu.kobotoolbox.org/api/v2/assets/asidN676GwD9kVUoocseLY/data/729124582/attachments/attqgBBatDQRCF2HzKkBdNS9/ | CY32: 1764750617142.jpg | CZ32: https://eu.kobotoolbox.org/api/v2/assets/asidN676GwD9kVUoocseLY/data/729124582/attachments/attxYDDbnDWUccprkjBJhSUC/ | DA32: نعم | DN32: لا | DP32: C1
A33: 32 | B33: 45994 | C33: باسم | D33: عبدالرزاق | E33: السعيد | F33: أمون قشيط | G33: ذكر | H33: 29221 | I33: متزوج/ة | J33: فرح محمد قشيط | K33: بيان عائلي | M33: 53500176531 | N33: 1764751454630.jpg | O33: https://eu.kobotoolbox.org/api/v2/assets/asidN676GwD9kVUoocseLY/data/729127190/attachments/attHAUzeLPvhobpcd3BpqPny/ | P33: 1764751490657.jpg | Q33: https://eu.kobotoolbox.org/api/v2/assets/asidN676GwD9kVUoocseLY/data/729127190/attachments/atteJLgEoBq65qbLy88smdgJ/ | R33: إدلب | S33: معرة النعمان | T33: مركز معرة النعمان | U33: معرة النعمان ، الحارة الشرقية ، غرب جامع القشيط 100متر | V33: 963982383196 | W33: 352681510179 | X33: لا | AL33: لا | AT33: غير ذلك | AU33: 1 | AV33: 9 | AX33: 2 | AY33: 2 | AZ33: 1 | BA33: 3 | BB33: 1 | BC33: 0 | BD33: 0 | BE33: 0 | BF33: 0 | BG33: 0 | BH33: 0 | BI33: 0 | BJ33: 0 | BK33: عمل خاص | BL33: 2 | BM33: عائد من النزوح الداخلي | BN33: مركز معرة النعمان | BO33: إدلب ،معرة النعمان ،الحارة الشرقية ،غرب جامع القشيط 100متر | BP33: 35.646751 | BQ33: 36.688226 | BR33: مالك | BS33: لا | BX33: منزل مستقل | BY33: 4 | BZ33: 0 | CA33: 220 | CB33: نعم | CC33: نعم | CD33: نعم | CE33: لا | CF33: تعمل | CG33: نعم | CH33: لا | CI33: لا | CJ33: لا يوجد ضرر | CK33: 1764752153105.jpg | CL33: https://eu.kobotoolbox.org/api/v2/assets/asidN676GwD9kVUoocseLY/data/729127190/attachments/attNkhdWMmLUKjMrhN8Unwqf/ | CM33: 1764752169247.jpg | CN33: https://eu.kobotoolbox.org/api/v2/assets/asidN676GwD9kVUoocseLY/data/729127190/attachments/attiPwSyS4Zifj6W9ZqHgNav/ | CO33: 1764752184760.jpg | CP33: https://eu.kobotoolbox.org/api/v2/assets/asidN676GwD9kVUoocseLY/data/729127190/attachments/attTtzCkxC9qefcbv4BM6eSC/ | CQ33: 1764752207674.jpg | CR33: https://eu.kobotoolbox.org/api/v2/assets/asidN676GwD9kVUoocseLY/data/729127190/attachments/attZ7zhmoWVxaZH5NkmkNgoG/ | CS33: 1764752222533.jpg | CT33: https://eu.kobotoolbox.org/api/v2/assets/asidN676GwD9kVUoocseLY/data/729127190/attachments/attgiCp6SXTfMSVUAKSmjbgH/ | CU33: 1764752263605.jpg | CV33: https://eu.kobotoolbox.org/api/v2/assets/asidN676GwD9kVUoocseLY/data/729127190/attachments/attWrLT8vsEEKKoruAQUr5io/ | CW33: 1764752284764.jpg | CX33: https://eu.kobotoolbox.org/api/v2/assets/asidN676GwD9kVUoocseLY/data/729127190/attachments/attBfERCsrcqrpdM4NupnDLA/ | CY33: 1764752297686.jpg | CZ33: https://eu.kobotoolbox.org/api/v2/assets/asidN676GwD9kVUoocseLY/data/729127190/attachments/atto365nLpB5xeSwfSR4kjXv/ | DA33: نعم | DN33: لا | DO33: لايوجد | DP33: C1
A34: 33 | B34: 45994 | C34: إبراهيم | D34: ياسر | E34: العدل | F34: أحلام اليوسف | G34: ذكر | H34: 29558 | I34: متزوج/ة | J34: غزل أحمد ملليشو | K34: دفتر عائلة | M34: 7090106971 | N34: 1764754578526.jpg | O34: https://eu.kobotoolbox.org/api/v2/assets/asidN676GwD9kVUoocseLY/data/729127430/attachments/attoNJHFHrdQRnn3vD9BPHoU/ | P34: 1764754590143.jpg | Q34: https://eu.kobotoolbox.org/api/v2/assets/asidN676GwD9kVUoocseLY/data/729127430/attachments/att9jiQrfuFieaS7XELR9miU/ | R34: إدلب | S34: معرة النعمان | T34: مركز معرة النعمان | U34: مركز معرة النعمان ،الحارة الشرقية جانب جامع الحسين | V34: 963993884168 | W34: 963993921866 | X34: لا | AL34: نعم | AM34: اخرى | AN34: 0 | AO34: 0 | AP34: 0 | AQ34: 0 | AR34: 1 | AS34: إلتهاب كبد B | AT34: غير ذلك | AU34: 1 | AV34: 8 | AX34: 2 | AY34: 1 | AZ34: 0 | BA34: 2 | BB34: 0 | BC34: 3 | BD34: 0 | BE34: 1 | BF34: 0 | BG34: 0 | BH34: 0 | BI34: 0 | BJ34: 0 | BK34: عمل خاص | BL34: 1 | BM34: عائد من النزوح الداخلي | BN34: مركز معرة النعمان | BO34: الحارة الشرقية ،جانب جامع الحسين | BP34: 35.646409 | BQ34: 36.688923 | BR34: مالك | BS34: لا | BX34: شقة طابقية | BY34: 4 | BZ34: 1 | CA34: 190 | CB34: نعم | CC34: لا | CD34: نعم | CE34: لا | CF34: تعمل | CG34: نعم | CH34: لا | CI34: لا | CJ34: ضرر خفيف | CK34: 1764755043463.jpg | CL34: https://eu.kobotoolbox.org/api/v2/assets/asidN676GwD9kVUoocseLY/data/729127430/attachments/attW3ReTkG4WLpEZQh6RpYYc/ | CM34: 1764755063229.jpg | CN34: https://eu.kobotoolbox.org/api/v2/assets/asidN676GwD9kVUoocseLY/data/729127430/attachments/attkHLLdziqiMgXENv8qP3ve/ | CO34: 1764755081316.jpg | CP34: https://eu.kobotoolbox.org/api/v2/assets/asidN676GwD9kVUoocseLY/data/729127430/attachments/attqfN9ofpTfVjXQnU8N3cJH/ | CQ34: 1764755093307.jpg | CR34: https://eu.kobotoolbox.org/api/v2/assets/asidN676GwD9kVUoocseLY/data/729127430/attachments/attoA9kux6wDoomE7RnveMMz/ | CS34: 1764755106265.jpg | CT34: https://eu.kobotoolbox.org/api/v2/assets/asidN676GwD9kVUoocseLY/data/729127430/attachments/attMTMFtyjkYmqDL3e7TxmjN/ | CU34: 1764755130212.jpg | CV34: https://eu.kobotoolbox.org/api/v2/assets/asidN676GwD9kVUoocseLY/data/729127430/attachments/attz4cVb54Q47ckA7kRtjPoL/ | CW34: 1764755177197.jpg | CX34: https://eu.kobotoolbox.org/api/v2/assets/asidN676GwD9kVUoocseLY/data/729127430/attachments/attoqwPKwYjDuiPbpkHPphd9/ | CY34: 1764755186243.jpg | CZ34: https://eu.kobotoolbox.org/api/v2/assets/asidN676GwD9kVUoocseLY/data/729127430/attachments/attNeQGqhmheEDizGKDmKuio/ | DA34: نعم | DN34: لا | DP34: C1
A35: 34 | B35: 45994 | C35: عمر | D35: محمد | E35: نوح | F35: صباح | G35: ذكر | H35: 29891 | I35: متزوج/ة | J35: نور ياسين البزرة | K35: أخرى | L35: مجلس محلي | M35: 77480006441 | N35: 1764751561627.jpg | O35: https://eu.kobotoolbox.org/api/v2/assets/asidN676GwD9kVUoocseLY/data/729131660/attachments/att7hXkyWWBnLooJVt5FsonJ/ | P35: 1764751583531.jpg | Q35: https://eu.kobotoolbox.org/api/v2/assets/asidN676GwD9kVUoocseLY/data/729131660/attachments/attoQdWod7YwMh8Xogm2vELt/ | R35: ريف دمشق | S35: مركز ريف دمشق | T35: عربين | U35: مزرعة شارح الحمام | V35: 959032863 | X35: لا | AL35: لا | AT35: غير ذلك | AU35: 1 | AV35: 5 | AX35: 1 | AY35: 1 | AZ35: 1 | BA35: 0 | BB35: 2 | BC35: 0 | BD35: 0 | BE35: 0 | BF35: 0 | BG35: 0 | BH35: 0 | BI35: 0 | BJ35: 0 | BK35: لا يوجد مصدر دخل | BL35: 0 | BM35: عائد من النزوح الداخلي | BN35: زملكا | BO35: مزرعة | BP35: 33.526133 | BQ35: 36.362476 | BR35: مالك | BS35: لا | BX35: شقة طابقية | BY35: 3 | BZ35: 1 | CA35: 100 | CB35: نعم | CC35: نعم | CD35: نعم | CE35: لا | CF35: تعمل | CG35: نعم | CH35: لا | CI35: لا | CJ35: ضرر خفيف | CK35: 1764752054251.jpg | CL35: https://eu.kobotoolbox.org/api/v2/assets/asidN676GwD9kVUoocseLY/data/729131660/attachments/attYSZtzKMnzBGVaxtPxMZTW/ | CM35: 1764752073493.jpg | CN35: https://eu.kobotoolbox.org/api/v2/assets/asidN676GwD9kVUoocseLY/data/729131660/attachments/attsx7PwHwes5BRMDmScGk2e/ | CO35: 1764752091144.jpg | CP35: https://eu.kobotoolbox.org/api/v2/assets/asidN676GwD9kVUoocseLY/data/729131660/attachments/attaBYFwZABJDpKQFjJSsBR5/ | CQ35: 1764752119050.jpg | CR35: https://eu.kobotoolbox.org/api/v2/assets/asidN676GwD9kVUoocseLY/data/729131660/attachments/attSrUn2zXfm7eAZpNWZ6oaB/ | CS35: 1764752129576.jpg | CT35: https://eu.kobotoolbox.org/api/v2/assets/asidN676GwD9kVUoocseLY/data/729131660/attachments/attFr4iHt4Soit3CWngYDsjB/ | CU35: 1764752151345.jpg | CV35: https://eu.kobotoolbox.org/api/v2/assets/asidN676GwD9kVUoocseLY/data/729131660/attachments/attopGKXxD7c97CYE9XAiRVV/ | CW35: 1764752178732.jpg | CX35: https://eu.kobotoolbox.org/api/v2/assets/asidN676GwD9kVUoocseLY/data/729131660/attachments/attupB4yy7NFnMMnsi7GNm2h/ | CY35: 1764752201183.jpg | CZ35: https://eu.kobotoolbox.org/api/v2/assets/asidN676GwD9kVUoocseLY/data/729131660/attachments/attQHDaTKXJsmE3CpFdWCrEf/ | DA35: نعم | DN35: لا | DO35: 88 | DP35: C3
A36: 35 | B36: 45994 | C36: عبد الرحمن | D36: محمد | E36: نوح | F36: سحر | G36: ذكر | H36: 32460 | I36: أعزب/عزباء | K36: إخراج قيد | M36: 3330027530 | N36: 1764752915438.jpg | O36: https://eu.kobotoolbox.org/api/v2/assets/asidN676GwD9kVUoocseLY/data/729140372/attachments/attYPHxXgTBDvVUr437SWsbk/ | P36: 1764752931406.jpg | Q36: https://eu.kobotoolbox.org/api/v2/assets/asidN676GwD9kVUoocseLY/data/729140372/attachments/attarMJSQP2TGyS3TY35Gcnn/ | R36: ريف دمشق | S36: مركز ريف دمشق | T36: عربين | U36: مزرعة شارع الحمام | V36: 958716318 | X36: لا | AL36: لا | AT36: غير ذلك | AU36: 1 | AV36: 1 | AX36: 1 | AY36: 0 | AZ36: 0 | BA36: 0 | BB36: 0 | BC36: 0 | BD36: 0 | BE36: 0 | BF36: 0 | BG36: 0 | BH36: 0 | BI36: 0 | BJ36: 0 | BK36: لا يوجد مصدر دخل | BL36: 0 | BM36: عائد من النزوح الداخلي | BN36: زملكا | BO36: مزرعة | BP36: 33.526277 | BQ36: 36.362634 | BR36: مالك | BS36: لا | BX36: شقة طابقية | BY36: 1 | BZ36: 0 | CA36: 100 | CB36: نعم | CC36: لا | CD36: لا | CE36: لا | CF36: تعمل | CG36: لا | CH36: لا | CI36: لا | CJ36: ضرر خفيف | CK36: 1764753438099.jpg | CL36: https://eu.kobotoolbox.org/api/v2/assets/asidN676GwD9kVUoocseLY/data/729140372/attachments/attQu6P9Qzupwoee6JqmzkPa/ | CM36: 1764753460127.jpg | CN36: https://eu.kobotoolbox.org/api/v2/assets/asidN676GwD9kVUoocseLY/data/729140372/attachments/attErRg4XnBNp7W7wQaiWPwm/ | CO36: 1764753471576.jpg | CP36: https://eu.kobotoolbox.org/api/v2/assets/asidN676GwD9kVUoocseLY/data/729140372/attachments/att5zY8WUTQ74emRsfjnMJ4t/ | CQ36: 1764753497564.jpg | CR36: https://eu.kobotoolbox.org/api/v2/assets/asidN676GwD9kVUoocseLY/data/729140372/attachments/attLYFbgGhcuWNG42NdyDjjh/ | CS36: 1764753519625.jpg | CT36: https://eu.kobotoolbox.org/api/v2/assets/asidN676GwD9kVUoocseLY/data/729140372/attachments/attarmGwL8mGpKBztwf4pH4D/ | CU36: 1764753542769.jpg | CV36: https://eu.kobotoolbox.org/api/v2/assets/asidN676GwD9kVUoocseLY/data/729140372/attachments/attqUbSsnYKyxcQiGbfuquSY/ | CW36: 1764753563907.jpg | CX36: https://eu.kobotoolbox.org/api/v2/assets/asidN676GwD9kVUoocseLY/data/729140372/attachments/att8KGT5wHAwtckJMJegYXXt/ | CY36: 1764753575573.jpg | CZ36: https://eu.kobotoolbox.org/api/v2/assets/asidN676GwD9kVUoocseLY/data/729140372/attachments/attuZmLdVq8GPYGagC8679zJ/ | DA36: نعم | DN36: لا | DO36: 41 | DP36: C3
A37: 36 | B37: 45994 | C37: محمد | D37: زهير | E37: الزيبق | F37: نعمة دياتي | G37: ذكر | H37: 22647 | I37: متزوج/ة | J37: هيفاء حسن شحادة | K37: هوية شخصية | M37: 3330033906 | N37: 1764755554307.jpg | O37: https://eu.kobotoolbox.org/api/v2/assets/asidN676GwD9kVUoocseLY/data/729141169/attachments/attSwqrieJRDXzYpPQusohQq/ | P37: 1764755571920.jpg | Q37: https://eu.kobotoolbox.org/api/v2/assets/asidN676GwD9kVUoocseLY/data/729141169/attachments/attN4zmKhTqT7E9fvDLMSpNK/ | R37: ريف دمشق | S37: مركز ريف دمشق | T37: عربين | U37: المزرعة شارع الحمام | V37: 997023902 | X37: لا | AL37: لا | AT37: غير ذلك | AU37: 1 | AV37: 7 | AX37: 2 | AY37: 5 | AZ37: 0 | BA37: 0 | BB37: 0 | BC37: 0 | BD37: 1 | BE37: 0 | BF37: 0 | BG37: 0 | BH37: 0 | BI37: 0 | BJ37: 0 | BK37: لا يوجد مصدر دخل | BL37: 2 | BM37: عائد من النزوح الداخلي | BN37: زملكا | BO37: مزرعة | BP37: 33.527012 | BQ37: 36.361982 | BR37: مهجّر عائد | BS37: لا | BX37: منزل مستقل | BY37: 2 | BZ37: 0 | CA37: 50 | CB37: نعم | CC37: نعم | CD37: نعم | CE37: لا | CF37: تعمل | CG37: نعم | CH37: لا | CI37: لا | CJ37: ضرر خفيف | CK37: 1764756018515.jpg | CL37: https://eu.kobotoolbox.org/api/v2/assets/asidN676GwD9kVUoocseLY/data/729141169/attachments/attP3yGVTrVrWsbD8WPncBbC/ | CM37: 1764756036924.jpg | CN37: https://eu.kobotoolbox.org/api/v2/assets/asidN676GwD9kVUoocseLY/data/729141169/attachments/attvU7vSvnAfPptUpxSTNh6X/ | CO37: 1764756053251.jpg | CP37: https://eu.kobotoolbox.org/api/v2/assets/asidN676GwD9kVUoocseLY/data/729141169/attachments/att9sgEZEFktu8x7Hzz9Ee3F/ | CQ37: 1764756065023.jpg | CR37: https://eu.kobotoolbox.org/api/v2/assets/asidN676GwD9kVUoocseLY/data/729141169/attachments/att92otKCzgdVyyXTmbvCtRD/ | CS37: 1764756142797.jpg | CT37: https://eu.kobotoolbox.org/api/v2/assets/asidN676GwD9kVUoocseLY/data/729141169/attachments/atteErKXhAgdHnTsjMuEv4fP/ | CU37: 1764756177517.jpg | CV37: https://eu.kobotoolbox.org/api/v2/assets/asidN676GwD9kVUoocseLY/data/729141169/attachments/att2jcdaPLpwzjThacaHK25r/ | CW37: 1764756201416.jpg | CX37: https://eu.kobotoolbox.org/api/v2/assets/asidN676GwD9kVUoocseLY/data/729141169/attachments/attyG7kcMnBTeXuNaDsXnjUc/ | CY37: 1764756216733.jpg | CZ37: https://eu.kobotoolbox.org/api/v2/assets/asidN676GwD9kVUoocseLY/data/729141169/attachments/attvFgC2HwYtVtVCj6iZjWzh/ | DA37: نعم | DN37: لا | DO37: 59 | DP37: C3
A38: 37 | B38: 45994 | C38: موفق | D38: سالم | E38: العربيني | F38: فاطمة | G38: ذكر | H38: 19426 | I38: متزوج/ة | J38: خديجة عبده الدباس | K38: هوية شخصية | M38: 3330027425 | N38: 1764758166475.jpg | O38: https://eu.kobotoolbox.org/api/v2/assets/asidN676GwD9kVUoocseLY/data/729168770/attachments/attzXCyegSEYiyaKfhaF9qoe/ | P38: 1764758127737.jpg | Q38: https://eu.kobotoolbox.org/api/v2/assets/asidN676GwD9kVUoocseLY/data/729168770/attachments/attKjNvHLG3CPJuJ5z3uaeGA/ | R38: ريف دمشق | S38: مركز ريف دمشق | T38: عربين | U38: المزرعة قرب مسجد التوفيق | V38: 959310723 | X38: لا | AL38: لا | AT38: منزل يعيله رجل كبير بالسن (فوق 60 سنة) | AU38: 1 | AV38: 7 | AX38: 5 | AY38: 2 | AZ38: 0 | BA38: 0 | BB38: 0 | BC38: 0 | BD38: 0 | BE38: 0 | BF38: 0 | BG38: 0 | BH38: 0 | BI38: 0 | BJ38: 0 | BK38: لا يوجد مصدر دخل | BL38: 0 | BM38: مقيم ولم أنزح | BN38: زملكا | BO38: مزرعة | BP38: 33.524434 | BQ38: 36.362436 | BR38: مالك | BS38: لا | BX38: منزل مستقل | BY38: 5 | BZ38: 0 | CA38: 160 | CB38: نعم | CC38: نعم | CD38: نعم | CE38: لا | CF38: تعمل | CG38: نعم | CH38: لا | CI38: لا | CJ38: ضرر خفيف | CK38: 1764758710775.jpg | CL38: https://eu.kobotoolbox.org/api/v2/assets/asidN676GwD9kVUoocseLY/data/729168770/attachments/attQFRLrc9CqnaDbCALNvjGV/ | CM38: 1764758728416.jpg | CN38: https://eu.kobotoolbox.org/api/v2/assets/asidN676GwD9kVUoocseLY/data/729168770/attachments/atthzEtzeanmLgDjWQzFpNSs/ | CO38: 1764758743157.jpg | CP38: https://eu.kobotoolbox.org/api/v2/assets/asidN676GwD9kVUoocseLY/data/729168770/attachments/attCvcwNUP7fwYVP6Xrom7RG/ | CQ38: 1764758763264.jpg | CR38: https://eu.kobotoolbox.org/api/v2/assets/asidN676GwD9kVUoocseLY/data/729168770/attachments/attMdxAqubsrd5tqLgU6SCzK/ | CS38: 1764758780917.jpg | CT38: https://eu.kobotoolbox.org/api/v2/assets/asidN676GwD9kVUoocseLY/data/729168770/attachments/attmHoi6xURcuzR2c6vscAVq/ | CU38: 1764758836427.jpg | CV38: https://eu.kobotoolbox.org/api/v2/assets/asidN676GwD9kVUoocseLY/data/729168770/attachments/attKM7jJQ4trTCtZ7vNjkVEX/ | CW38: 1764758855608.jpg | CX38: https://eu.kobotoolbox.org/api/v2/assets/asidN676GwD9kVUoocseLY/data/729168770/attachments/attSm46sbMzzu8c9yzfTaMZ3/ | CY38: 1764758886940.jpg | CZ38: https://eu.kobotoolbox.org/api/v2/assets/asidN676GwD9kVUoocseLY/data/729168770/attachments/atty3QPfiXXzaVi3E6HKyuDq/ | DA38: نعم | DN38: لا | DO38: 286 | DP38: C3
A39: 38 | B39: 45994 | C39: زياد | D39: عمر | E39: قشيط | F39: فاطمة | G39: ذكر | H39: 28200 | I39: متزوج/ة | J39: رشا حسين مصطفى | K39: هوية شخصية | M39: 7090093067 | N39: 1764751367861.jpg | O39: https://eu.kobotoolbox.org/api/v2/assets/asidN676GwD9kVUoocseLY/data/729172261/attachments/attBxviaPCyeHj8pG2KHuzdw/ | P39: 1764751383958.jpg | Q39: https://eu.kobotoolbox.org/api/v2/assets/asidN676GwD9kVUoocseLY/data/729172261/attachments/att4SKuQF9d6eu9KLfHRQ3JB/ | R39: إدلب | S39: معرة النعمان | T39: مركز معرة النعمان | U39: الحي الشرقي جانب جامع الحسين D03-331 | V39: 963945088024 | X39: لا | AL39: لا | AT39: غير ذلك | AU39: 1 | AV39: 9 | AX39: 3 | AY39: 1 | AZ39: 1 | BA39: 2 | BB39: 1 | BC39: 1 | BD39: 0 | BE39: 0 | BF39: 0 | BG39: 0 | BH39: 0 | BI39: 0 | BJ39: 1 | BK39: أعمال حرة | BL39: 2 | BM39: عائد من النزوح الداخلي | BN39: مركز معرة النعمان | BO39: الحي الشرقي جانب جامع الحسين D03-331 | BP39: 35.646215 | BQ39: 36.688088 | BR39: مالك | BS39: نعم | BT39: طابو | BU39: 38689 | BV39: 1764751634225.jpg | BW39: https://eu.kobotoolbox.org/api/v2/assets/asidN676GwD9kVUoocseLY/data/729172261/attachments/attKfgVnLnRD2U7RycDZpcFv/ | BX39: شقة طابقية | BY39: 5 | BZ39: 0 | CA39: 150 | CB39: نعم | CC39: نعم | CD39: نعم | CE39: لا | CF39: تعمل | CG39: نعم | CH39: لا | CI39: لا | CJ39: لا يوجد ضرر | CK39: 1764751720271.jpg | CL39: https://eu.kobotoolbox.org/api/v2/assets/asidN676GwD9kVUoocseLY/data/729172261/attachments/attHh79Y2eqLz9ShTckrpnYm/ | CM39: 1764751738856.jpg | CN39: https://eu.kobotoolbox.org/api/v2/assets/asidN676GwD9kVUoocseLY/data/729172261/attachments/attpQvUmCtQBwMZXRpPGssuv/ | CO39: 1764751747692.jpg | CP39: https://eu.kobotoolbox.org/api/v2/assets/asidN676GwD9kVUoocseLY/data/729172261/attachments/attZYugPUKyoqcsC3ieLEDor/ | CQ39: 1764751756997.jpg | CR39: https://eu.kobotoolbox.org/api/v2/assets/asidN676GwD9kVUoocseLY/data/729172261/attachments/attGF5JucieEjo82W9EANTS8/ | CS39: 1764751770047.jpg | CT39: https://eu.kobotoolbox.org/api/v2/assets/asidN676GwD9kVUoocseLY/data/729172261/attachments/attKPot2T3Q9iAT4bpd3yFN6/ | CU39: 1764751830263.jpg | CV39: https://eu.kobotoolbox.org/api/v2/assets/asidN676GwD9kVUoocseLY/data/729172261/attachments/attcKanJiUVggoFmc3qSVXAG/ | CW39: 1764751845698.jpg | CX39: https://eu.kobotoolbox.org/api/v2/assets/asidN676GwD9kVUoocseLY/data/729172261/attachments/attfnKtyMaRiYqrnW85RDgPK/ | CY39: 1764752028929.jpg | CZ39: https://eu.kobotoolbox.org/api/v2/assets/asidN676GwD9kVUoocseLY/data/729172261/attachments/attGCFZUPe49rbxcAeaR9QFT/ | DA39: نعم | DN39: لا | DP39: C1
A40: 39 | B40: 45994 | C40: احمد | D40: نذير | E40: غرة | F40: منى احمد دباس | G40: ذكر | H40: 29784 | I40: متزوج/ة | J40: بيان كاظم شمس | K40: هوية شخصية | M40: 3330039898 | N40: 1764761832373.jpg | O40: https://eu.kobotoolbox.org/api/v2/assets/asidN676GwD9kVUoocseLY/data/729174157/attachments/attFFwmd9WAFMKgxbi6TNxCv/ | P40: 1764761857171.jpg | Q40: https://eu.kobotoolbox.org/api/v2/assets/asidN676GwD9kVUoocseLY/data/729174157/attachments/attJAUnjzWp9ALzGJQBvVXQR/ | R40: ريف دمشق | S40: مركز ريف دمشق | T40: عربين | U40: مزرعة قرب مسجد التوفيق | V40: 959320631 | X40: لا | AL40: لا | AT40: غير ذلك | AU40: 1 | AV40: 6 | AX40: 1 | AY40: 1 | AZ40: 1 | BA40: 0 | BB40: 2 | BC40: 1 | BD40: 0 | BE40: 0 | BF40: 0 | BG40: 0 | BH40: 0 | BI40: 0 | BJ40: 0 | BK40: أعمال حرة | BL40: 1 | BM40: نازح حالياً | BN40: زملكا | BO40: مزرعة | BP40: 33.52528 | BQ40: 36.36186 | BR40: مالك | BS40: لا | BX40: منزل مستقل | BY40: 2 | BZ40: 1 | CA40: 70 | CB40: نعم | CC40: نعم | CD40: نعم | CE40: لا | CF40: تعمل | CG40: نعم | CH40: لا | CI40: لا | CJ40: ضرر خفيف | CK40: 1764762324295.jpg | CL40: https://eu.kobotoolbox.org/api/v2/assets/asidN676GwD9kVUoocseLY/data/729174157/attachments/attDQYc9aZ8hvhEcfco6BRTh/ | CM40: 1764762336964.jpg | CN40: https://eu.kobotoolbox.org/api/v2/assets/asidN676GwD9kVUoocseLY/data/729174157/attachments/attdwwMdfSeZaXn3BvktfXiG/ | CO40: 1764762374203.jpg | CP40: https://eu.kobotoolbox.org/api/v2/assets/asidN676GwD9kVUoocseLY/data/729174157/attachments/attHNj45tpZkQg4EpHjoqK6R/ | CQ40: 1764762390860.jpg | CR40: https://eu.kobotoolbox.org/api/v2/assets/asidN676GwD9kVUoocseLY/data/729174157/attachments/attrct2aEdWFrpX8p3WjcsJQ/ | CS40: 1764762401641.jpg | CT40: https://eu.kobotoolbox.org/api/v2/assets/asidN676GwD9kVUoocseLY/data/729174157/attachments/attLvbojWrV75z2otjosZYj8/ | CU40: 1764762413190.jpg | CV40: https://eu.kobotoolbox.org/api/v2/assets/asidN676GwD9kVUoocseLY/data/729174157/attachments/attA9J6JZ7d38LRf3uTki2zW/ | CW40: 1764762432345.jpg | CX40: https://eu.kobotoolbox.org/api/v2/assets/asidN676GwD9kVUoocseLY/data/729174157/attachments/attTpybFwvFRHJsLkbiN3vPp/ | CY40: 1764762444822.jpg | CZ40: https://eu.kobotoolbox.org/api/v2/assets/asidN676GwD9kVUoocseLY/data/729174157/attachments/attYQm8nHGaMeKX7eosHccne/ | DA40: نعم | DN40: لا | DO40: 99 | DP40: C3
A41: 40 | B41: 45994 | C41: ايمان | D41: هشام | E41: ادريس | F41: صباح الشيخ | G41: أنثى | H41: 33298 | I41: أرمل/أرملة | K41: هوية شخصية | M41: 3330029600 | N41: 1764755750916.jpg | O41: https://eu.kobotoolbox.org/api/v2/assets/asidN676GwD9kVUoocseLY/data/729176523/attachments/attD28LmXSJNVv6r4HwzVsZi/ | P41: 1764756048942.jpg | Q41: https://eu.kobotoolbox.org/api/v2/assets/asidN676GwD9kVUoocseLY/data/729176523/attachments/attcytcBPryYgzuPG6Wy8Unp/ | R41: ريف دمشق | S41: مركز ريف دمشق | T41: عربين | U41: زملكا- ساحة الحافظ | V41: 944545091 | W41: 967752781 | X41: لا | AL41: لا | AT41: منزل يعيله إمراة | AU41: 1 | AV41: 6 | AX41: 0 | AY41: 1 | AZ41: 1 | BA41: 2 | BB41: 1 | BC41: 1 | BD41: 0 | BE41: 0 | BF41: 0 | BG41: 0 | BH41: 1 | BI41: 0 | BJ41: 0 | BK41: مساعدات إنسانية فقط | BL41: 0 | BM41: مقيم ولم أنزح | BN41: زملكا | BO41: زملكا-المحتريق-جانب جامع الحسن | BP41: 33.526313 | BQ41: 36.348251 | BR41: مالك | BS41: نعم | BT41: بيان قيد عقاري | BU41: 28995 | BV41: 1764756281300.jpg | BW41: https://eu.kobotoolbox.org/api/v2/assets/asidN676GwD9kVUoocseLY/data/729176523/attachments/attFEtCoSbNYUWyMfUqGA9XW/ | BX41: شقة طابقية | BY41: 3 | BZ41: 4 | CA41: 60 | CB41: نعم | CC41: نعم | CD41: نعم | CE41: لا | CF41: تعمل | CG41: نعم | CH41: لا | CI41: لا | CJ41: لا يوجد ضرر | CK41: 1764756509049.jpg | CL41: https://eu.kobotoolbox.org/api/v2/assets/asidN676GwD9kVUoocseLY/data/729176523/attachments/attwXd9F7cfnSnqWAmskBkK4/ | CM41: 1764756517518.jpg | CN41: https://eu.kobotoolbox.org/api/v2/assets/asidN676GwD9kVUoocseLY/data/729176523/attachments/attVqVzsamD4rtYrBCWNkPgY/ | CO41: 1764756529174.jpg | CP41: https://eu.kobotoolbox.org/api/v2/assets/asidN676GwD9kVUoocseLY/data/729176523/attachments/attJ62yk4FcDFg8E3QPc8DaK/ | CQ41: 1764756612000.jpg | CR41: https://eu.kobotoolbox.org/api/v2/assets/asidN676GwD9kVUoocseLY/data/729176523/attachments/attN5fpVkpXojUeP7KmTXuEF/ | CS41: 1764756633058.jpg | CT41: https://eu.kobotoolbox.org/api/v2/assets/asidN676GwD9kVUoocseLY/data/729176523/attachments/attfNrTG5W9sHTR44nonqBUx/ | CU41: 1764756652899.jpg | CV41: https://eu.kobotoolbox.org/api/v2/assets/asidN676GwD9kVUoocseLY/data/729176523/attachments/att4PvprbEccUErjehFVT2b4/ | CW41: 1764756673213.jpg | CX41: https://eu.kobotoolbox.org/api/v2/assets/asidN676GwD9kVUoocseLY/data/729176523/attachments/attWJ8sFif6nWAxxbk5fWm9z/ | CY41: 1764756690115.jpg | CZ41: https://eu.kobotoolbox.org/api/v2/assets/asidN676GwD9kVUoocseLY/data/729176523/attachments/attwDJAgcxsZnUNQARCoVe4X/ | DA41: نعم | DN41: لا | DO41: الرقم التسلسلي 30 | DP41: C3
A42: 41 | B42: 45994 | C42: زياد | D42: محمد | E42: هيكل | F42: عربيه ادريس | G42: ذكر | H42: 28277 | I42: متزوج/ة | J42: نعيمه محمود دباس | K42: هوية شخصية | M42: 3330043051 | N42: 1764755695853.jpg | O42: https://eu.kobotoolbox.org/api/v2/assets/asidN676GwD9kVUoocseLY/data/729184274/attachments/attuPrhCLHdWRt3VnoUeNUmi/ | P42: 1764755729306.jpg | Q42: https://eu.kobotoolbox.org/api/v2/assets/asidN676GwD9kVUoocseLY/data/729184274/attachments/attN6FTjWMEH2Mn3BWzeXBpX/ | R42: ريف دمشق | S42: مركز ريف دمشق | T42: عربين | U42: الجسر النصبة | V42: 963968542183 | W42: 996729848 | X42: لا | AL42: نعم | AM42: قلب سكري | AN42: 1 | AO42: 1 | AP42: 0 | AQ42: 0 | AR42: 0 | AT42: غير ذلك | AU42: 1 | AV42: 6 | AX42: 2 | AY42: 2 | AZ42: 1 | BA42: 1 | BB42: 0 | BC42: 0 | BD42: 0 | BE42: 0 | BF42: 0 | BG42: 0 | BH42: 0 | BI42: 0 | BJ42: 0 | BK42: أعمال حرة | BL42: 2 | BM42: عائد من اللجوء الخارجي | BN42: زملكا | BO42: جسر النصبة | BP42: 33.528158 | BQ42: 36.347179 | BR42: مالك | BS42: نعم | BT42: عقد بيع/شراء (كاتب عدل) | BU42: 40706 | BV42: 1764755961107.jpg | BW42: https://eu.kobotoolbox.org/api/v2/assets/asidN676GwD9kVUoocseLY/data/729184274/attachments/attRWBeWiFu5WgXSDJSEkWYZ/ | BX42: شقة طابقية | BY42: 2 | BZ42: 5 | CA42: 196 | CB42: لا | CC42: نعم | CD42: نعم | CE42: لا | CF42: تعمل | CG42: نعم | CH42: لا | CI42: لا | CJ42: ضرر متوسط | CK42: 1764756022972.jpg | CL42: https://eu.kobotoolbox.org/api/v2/assets/asidN676GwD9kVUoocseLY/data/729184274/attachments/attzeC5qzbZt4Tv64BjRqfHf/ | CM42: 1764756045560.jpg | CN42: https://eu.kobotoolbox.org/api/v2/assets/asidN676GwD9kVUoocseLY/data/729184274/attachments/att6WqvuxwSPqMxkMjFK3QFT/ | CO42: 1764756058777.jpg | CP42: https://eu.kobotoolbox.org/api/v2/assets/asidN676GwD9kVUoocseLY/data/729184274/attachments/attZoJK324UkCXLgzBcw9xZf/ | CQ42: 1764756067971.jpg | CR42: https://eu.kobotoolbox.org/api/v2/assets/asidN676GwD9kVUoocseLY/data/729184274/attachments/attvviAnupuiGcsT4yYazBDA/ | CS42: 1764756077824.jpg | CT42: https://eu.kobotoolbox.org/api/v2/assets/asidN676GwD9kVUoocseLY/data/729184274/attachments/attnsZmGSae85s22tzijP3vV/ | CU42: 1764756088211.jpg | CV42: https://eu.kobotoolbox.org/api/v2/assets/asidN676GwD9kVUoocseLY/data/729184274/attachments/attqC4RqCFHU3SGCuPctFddc/ | CW42: 1764756111509.jpg | CX42: https://eu.kobotoolbox.org/api/v2/assets/asidN676GwD9kVUoocseLY/data/729184274/attachments/attHpvYa9DJQ93KSsAUn7zAi/ | CY42: 1764756121783.jpg | CZ42: https://eu.kobotoolbox.org/api/v2/assets/asidN676GwD9kVUoocseLY/data/729184274/attachments/atteEXMyJ2vvf5BrtEbuUC3g/ | DA42: نعم | DN42: لا | DO42: يبيتون مسلح 2.5 m^3 257 | DP42: C3
A43: 42 | B43: 45994 | C43: فراس | D43: جمال الدين | E43: شمس | F43: فاطمة الدباس | G43: ذكر | H43: 34704 | I43: متزوج/ة | J43: غرام محمد الباشا | K43: إخراج قيد | M43: 1010061374 | N43: 1764760286970.jpg | O43: https://eu.kobotoolbox.org/api/v2/assets/asidN676GwD9kVUoocseLY/data/729191973/attachments/atttkjpy54whfmZNQ4dkDKtB/ | P43: 1764760298294.jpg | Q43: https://eu.kobotoolbox.org/api/v2/assets/asidN676GwD9kVUoocseLY/data/729191973/attachments/attUDctc7xfyMs8cfDYcHxgg/ | R43: ريف دمشق | S43: مركز ريف دمشق | T43: عربين | U43: حارة صالة ليالي | V43: 963945497713 | W43: 9699041360 | X43: لا | AL43: نعم | AM43: سكري روماتيزم | AN43: 1 | AO43: 0 | AP43: 0 | AQ43: 1 | AR43: 0 | AT43: غير ذلك | AU43: 2 | AV43: 5 | AX43: 3 | AY43: 2 | AZ43: 0 | BA43: 0 | BB43: 0 | BC43: 0 | BD43: 0 | BE43: 0 | BF43: 0 | BG43: 0 | BH43: 0 | BI43: 0 | BJ43: 0 | BK43: لا يوجد مصدر دخل | BL43: 1 | BM43: عائد من اللجوء الخارجي | BN43: زملكا | BO43: حارة صالة ليالي | BP43: 33.527529 | BQ43: 36.346994 | BR43: مالك | BS43: نعم | BT43: رخصة بناء | BU43: 40150 | BV43: 1764760638441.jpg | BW43: https://eu.kobotoolbox.org/api/v2/assets/asidN676GwD9kVUoocseLY/data/729191973/attachments/att4Q4u8UbhPzVKJWt6ZskX3/ | BX43: شقة طابقية | BY43: 1 | BZ43: 2 | CA43: 70 | CB43: نعم | CC43: نعم | CD43: نعم | CE43: لا | CF43: تعمل | CG43: نعم | CH43: لا | CI43: لا | CJ43: ضرر خفيف | CK43: 1764760685666.jpg | CL43: https://eu.kobotoolbox.org/api/v2/assets/asidN676GwD9kVUoocseLY/data/729191973/attachments/attWgosnFp8gJLToCj44aw7D/ | CM43: 1764760689921.jpg | CN43: https://eu.kobotoolbox.org/api/v2/assets/asidN676GwD9kVUoocseLY/data/729191973/attachments/attW92RYBcbJVpRhCsjfnPHm/ | CO43: 1764760695621.jpg | CP43: https://eu.kobotoolbox.org/api/v2/assets/asidN676GwD9kVUoocseLY/data/729191973/attachments/attWsnv3LkD2utneJyKeWRip/ | CQ43: 1764760701972.jpg | CR43: https://eu.kobotoolbox.org/api/v2/assets/asidN676GwD9kVUoocseLY/data/729191973/attachments/att5EPTNea5KmtWVnG6sVFdu/ | CS43: 1764760707866.jpg | CT43: https://eu.kobotoolbox.org/api/v2/assets/asidN676GwD9kVUoocseLY/data/729191973/attachments/attjzBG97soGM4MbTLpjxbv5/ | CU43: 1764760754792.jpg | CV43: https://eu.kobotoolbox.org/api/v2/assets/asidN676GwD9kVUoocseLY/data/729191973/attachments/attAgCgLExj8qz3dVN2fQRBV/ | CW43: 1764760763432.jpg | CX43: https://eu.kobotoolbox.org/api/v2/assets/asidN676GwD9kVUoocseLY/data/729191973/attachments/attBQtgsDAbftbdUXt7k6zm4/ | CY43: 1764760775807.jpg | CZ43: https://eu.kobotoolbox.org/api/v2/assets/asidN676GwD9kVUoocseLY/data/729191973/attachments/attr6T3Fra6yH6TkqZee7VW9/ | DA43: نعم | DN43: لا | DO43: 34 | DP43: C3
A44: 43 | B44: 45994 | C44: بشار | D44: محمد | E44: الغوش | F44: امنة الضبع | G44: ذكر | H44: 25486 | I44: متزوج/ة | J44: خديجة عبد العزيز البقاعي | K44: أخرى | L44: هوية من عفرين | M44: 8620000282 | N44: 1764747666976.jpg | O44: https://eu.kobotoolbox.org/api/v2/assets/asidN676GwD9kVUoocseLY/data/729192337/attachments/attPugCEXGQZeZ7GWt2hg2bh/ | P44: 1764747677148.jpg | Q44: https://eu.kobotoolbox.org/api/v2/assets/asidN676GwD9kVUoocseLY/data/729192337/attachments/atteXoyUB2eBcLLaScQLSrEU/ | R44: ريف دمشق | S44: مركز ريف دمشق | T44: عربين | U44: ساحة زملكا بناء ابو عبدو الطيب | V44: 963968915030 | W44: 951540559 | X44: لا | AL44: لا | AT44: غير ذلك | AU44: 1 | AV44: 5 | AX44: 2 | AY44: 2 | AZ44: 1 | BA44: 0 | BB44: 0 | BC44: 0 | BD44: 0 | BE44: 0 | BF44: 0 | BG44: 0 | BH44: 0 | BI44: 0 | BJ44: 0 | BK44: لا يوجد مصدر دخل | BL44: 2 | BM44: عائد من النزوح الداخلي | BN44: زملكا | BO44: ساحة زملكا بناء ابو عبدو الطيب | BP44: 33.52849 | BQ44: 36.353119 | BR44: مالك | BS44: نعم | BT44: عقد بيع/شراء (كاتب عدل) | BU44: 45051 | BV44: 1764761265137.jpg | BW44: https://eu.kobotoolbox.org/api/v2/assets/asidN676GwD9kVUoocseLY/data/729192337/attachments/attFUFqJMyAQALCKJzzLzXBA/ | BX44: شقة طابقية | BY44: 3 | BZ44: 3 | CA44: 90 | CB44: نعم | CC44: نعم | CD44: نعم | CE44: لا | CF44: تعمل | CG44: نعم | CH44: لا | CI44: لا | CJ44: ضرر خفيف | CK44: 1764748090384.jpg | CL44: https://eu.kobotoolbox.org/api/v2/assets/asidN676GwD9kVUoocseLY/data/729192337/attachments/attJgsZF9ygjxaoWjDJQ8aQx/ | CM44: 1764748103247.jpg | CN44: https://eu.kobotoolbox.org/api/v2/assets/asidN676GwD9kVUoocseLY/data/729192337/attachments/attXwdGZ5t7wUQiNhdosp9Jd/ | CO44: 1764748109519.jpg | CP44: https://eu.kobotoolbox.org/api/v2/assets/asidN676GwD9kVUoocseLY/data/729192337/attachments/attNWHZti2Mk8rb688vTq5En/ | CQ44: 1764748117743.jpg | CR44: https://eu.kobotoolbox.org/api/v2/assets/asidN676GwD9kVUoocseLY/data/729192337/attachments/attec2apyvPwD2sYBFjDuJ5A/ | CS44: 1764748124167.jpg | CT44: https://eu.kobotoolbox.org/api/v2/assets/asidN676GwD9kVUoocseLY/data/729192337/attachments/att8TYWitU7aKiyFKiLxAYF6/ | CU44: 1764748135058.jpg | CV44: https://eu.kobotoolbox.org/api/v2/assets/asidN676GwD9kVUoocseLY/data/729192337/attachments/att7dgFKexEsjMBL6FB2m4xu/ | CW44: 1764748143883.jpg | CX44: https://eu.kobotoolbox.org/api/v2/assets/asidN676GwD9kVUoocseLY/data/729192337/attachments/attZotBACUJsx949DBRaS3sA/ | CY44: 1764748151665.jpg | CZ44: https://eu.kobotoolbox.org/api/v2/assets/asidN676GwD9kVUoocseLY/data/729192337/attachments/attvhk2cxD9aEZTSXsHR8hA4/ | DA44: نعم | DN44: لا | DO44: الرقم الوطني دون صفر في البداية 29 | DP44: C3
A45: 44 | B45: 45994 | C45: صفاء | D45: خالد | E45: الشيخ | F45: فاطمة الشيخ | G45: أنثى | H45: 27120 | I45: أرمل/أرملة | K45: هوية شخصية | M45: 3330034550 | N45: 1764761691270.jpg | O45: https://eu.kobotoolbox.org/api/v2/assets/asidN676GwD9kVUoocseLY/data/729192607/attachments/attuvwTxQBKyWE9KJxwJpTQC/ | P45: 1764761703112.jpg | Q45: https://eu.kobotoolbox.org/api/v2/assets/asidN676GwD9kVUoocseLY/data/729192607/attachments/attUzDmiTxgvenG6TFWs43ZL/ | R45: ريف دمشق | S45: مركز ريف دمشق | T45: عربين | U45: موقف الرضوان بناء ابو سعيد الحبو | V45: 963930384267 | W45: 966538410 | X45: لا | AL45: لا | AT45: غير ذلك | AU45: 1 | AV45: 5 | AX45: 1 | AY45: 3 | AZ45: 0 | BA45: 1 | BB45: 0 | BC45: 0 | BD45: 0 | BE45: 0 | BF45: 0 | BG45: 0 | BH45: 0 | BI45: 0 | BJ45: 0 | BK45: عمل خاص | BL45: 1 | BM45: عائد من النزوح الداخلي | BN45: زملكا | BO45: موقف الرضوان بناء ابو سعيد الحبو | BP45: 33.526401 | BQ45: 36.348491 | BR45: مالك | BS45: نعم | BT45: طابو | BU45: 41052 | BV45: 1764761967004.jpg | BW45: https://eu.kobotoolbox.org/api/v2/assets/asidN676GwD9kVUoocseLY/data/729192607/attachments/attuLXa9oSRVoHPVykG8tSjw/ | BX45: شقة طابقية | BY45: 3 | BZ45: 2 | CA45: 100 | CB45: نعم | CC45: نعم | CD45: نعم | CE45: لا | CF45: تعمل | CG45: نعم | CH45: لا | CI45: لا | CJ45: ضرر خفيف | CK45: 1764762012184.jpg | CL45: https://eu.kobotoolbox.org/api/v2/assets/asidN676GwD9kVUoocseLY/data/729192607/attachments/att63sTftern8NUVnsHobepV/ | CM45: 1764762019019.jpg | CN45: https://eu.kobotoolbox.org/api/v2/assets/asidN676GwD9kVUoocseLY/data/729192607/attachments/attpHU9e3MqBAW9QCDB9TpLE/ | CO45: 1764762026842.jpg | CP45: https://eu.kobotoolbox.org/api/v2/assets/asidN676GwD9kVUoocseLY/data/729192607/attachments/attWnEQkqSc7dxzo2hRmr5bw/ | CQ45: 1764762043308.jpg | CR45: https://eu.kobotoolbox.org/api/v2/assets/asidN676GwD9kVUoocseLY/data/729192607/attachments/att8hkYAPyKY2jToQXXGByR3/ | CS45: 1764762049868.jpg | CT45: https://eu.kobotoolbox.org/api/v2/assets/asidN676GwD9kVUoocseLY/data/729192607/attachments/att5JzbJbfneWqAKAhu6tGfQ/ | CU45: 1764762072235.jpg | CV45: https://eu.kobotoolbox.org/api/v2/assets/asidN676GwD9kVUoocseLY/data/729192607/attachments/att96tqk7ituSFCzFUgo7yw9/ | CW45: 1764762080443.jpg | CX45: https://eu.kobotoolbox.org/api/v2/assets/asidN676GwD9kVUoocseLY/data/729192607/attachments/attKhzkyscrNF7cnKTQgaSqN/ | CY45: 1764762085231.jpg | CZ45: https://eu.kobotoolbox.org/api/v2/assets/asidN676GwD9kVUoocseLY/data/729192607/attachments/attAuZt3s3Ja2eEjvuM39UBr/ | DA45: نعم | DN45: لا | DO45: 38 | DP45: C3
A46: 45 | B46: 45994 | C46: محمد | D46: عثمان | E46: عثمان | F46: عائده الكباري | G46: ذكر | H46: 29092 | I46: متزوج/ة | J46: نور مساعد كباره | K46: هوية شخصية | M46: 3330040501 | N46: 1764758429707.jpg | O46: https://eu.kobotoolbox.org/api/v2/assets/asidN676GwD9kVUoocseLY/data/729193055/attachments/att4MrLraPCbqNh2vYfHNY74/ | P46: 1764758437155.jpg | Q46: https://eu.kobotoolbox.org/api/v2/assets/asidN676GwD9kVUoocseLY/data/729193055/attachments/attmo7oau9a6qSoEquQnvrrB/ | R46: ريف دمشق | S46: مركز ريف دمشق | T46: عربين | U46: حارة اللواء غالب صالة زنوبيا | V46: 963951896778 | W46: 951896778 | X46: لا | AL46: لا | AT46: غير ذلك | AU46: 2 | AV46: 7 | AX46: 1 | AY46: 2 | AZ46: 1 | BA46: 1 | BB46: 0 | BC46: 2 | BD46: 0 | BE46: 0 | BF46: 0 | BG46: 0 | BH46: 0 | BI46: 0 | BJ46: 0 | BK46: لا يوجد مصدر دخل | BL46: 0 | BM46: عائد من النزوح الداخلي | BN46: زملكا | BO46: حارة اللواء غالب صالة زنوبيا | BP46: 33.527768 | BQ46: 36.347718 | BR46: مالك | BS46: نعم | BT46: كتاب بلدية | BU46: 45994 | BV46: 1764763805634.jpg | BW46: https://eu.kobotoolbox.org/api/v2/assets/asidN676GwD9kVUoocseLY/data/729193055/attachments/attwaDju9owcqgccNTfhShit/ | BX46: شقة طابقية | BY46: 3 | BZ46: 1 | CA46: 105 | CB46: نعم | CC46: نعم | CD46: نعم | CE46: لا | CF46: تعمل | CG46: نعم | CH46: لا | CI46: لا | CJ46: ضرر خفيف | CK46: 1764758719481.jpg | CL46: https://eu.kobotoolbox.org/api/v2/assets/asidN676GwD9kVUoocseLY/data/729193055/attachments/att8Rox3FGgc7iNNwyStwLgA/ | CM46: 1764758728704.jpg | CN46: https://eu.kobotoolbox.org/api/v2/assets/asidN676GwD9kVUoocseLY/data/729193055/attachments/attsx3CKAcrj8P5g8dMyB6hX/ | CO46: 1764758734934.jpg | CP46: https://eu.kobotoolbox.org/api/v2/assets/asidN676GwD9kVUoocseLY/data/729193055/attachments/attvyvMyac3U76b2gzi5kziZ/ | CQ46: 1764758741323.jpg | CR46: https://eu.kobotoolbox.org/api/v2/assets/asidN676GwD9kVUoocseLY/data/729193055/attachments/attXCiKAXdKrqfbcQxRHJp9b/ | CS46: 1764758747130.jpg | CT46: https://eu.kobotoolbox.org/api/v2/assets/asidN676GwD9kVUoocseLY/data/729193055/attachments/attFDRJ6UjNzc4r4vfZfcF4c/ | CU46: 1764758761342.jpg | CV46: https://eu.kobotoolbox.org/api/v2/assets/asidN676GwD9kVUoocseLY/data/729193055/attachments/attuN5MW4sVNKDJLpkgV9X7i/ | CW46: 1764758769306.jpg | CX46: https://eu.kobotoolbox.org/api/v2/assets/asidN676GwD9kVUoocseLY/data/729193055/attachments/attU4P2m9ixs6Han5xg9gbF4/ | CY46: 1764758775594.jpg | CZ46: https://eu.kobotoolbox.org/api/v2/assets/asidN676GwD9kVUoocseLY/data/729193055/attachments/attVnLbbF6uffqrx3EAPhBQi/ | DA46: نعم | DN46: لا | DO46: 232 | DP46: C3
A47: 46 | B47: 45994 | C47: خالد | D47: محمد | E47: عيد | F47: فاطمة العربيني | G47: ذكر | H47: 21226 | I47: متزوج/ة | J47: منيرة العربيني | K47: هوية شخصية | M47: 3330040462 | N47: 1764664985578.jpg | O47: https://eu.kobotoolbox.org/api/v2/assets/asidN676GwD9kVUoocseLY/data/729193669/attachments/attzjf63PfZnbbJ65HueKgCh/ | P47: 1764664997904.jpg | Q47: https://eu.kobotoolbox.org/api/v2/assets/asidN676GwD9kVUoocseLY/data/729193669/attachments/att9B2MXNsGEziLcQNUGhzJV/ | R47: ريف دمشق | S47: مركز ريف دمشق | T47: عربين | U47: بعد جامع حمزة ب ١٠٠ متر | V47: 963954053256 | W47: 959547384 | X47: لا | AL47: لا | AT47: منزل يعيله رجل كبير بالسن (فوق 60 سنة) | AU47: 1 | AV47: 6 | AX47: 2 | AY47: 2 | AZ47: 0 | BA47: 0 | BB47: 0 | BC47: 2 | BD47: 0 | BE47: 1 | BF47: 0 | BG47: 0 | BH47: 0 | BI47: 0 | BJ47: 0 | BK47: عمل خاص | BL47: 2 | BM47: مقيم ولم أنزح | BN47: زملكا | BO47: بعد جامع حمزة ب ١٠٠ متر | BP47: 33.523753 | BQ47: 36.352588 | BR47: مالك | BS47: نعم | BT47: عقد بيع/شراء (كاتب عدل) | BU47: 43230 | BV47: 1764763985475.jpg | BW47: https://eu.kobotoolbox.org/api/v2/assets/asidN676GwD9kVUoocseLY/data/729193669/attachments/att6WkVN99q2nbn6KvfXBemV/ | BX47: شقة طابقية | BY47: 3 | BZ47: 2 | CA47: 110 | CB47: لا | CC47: نعم | CD47: نعم | CE47: لا | CF47: تعمل | CG47: نعم | CH47: لا | CI47: لا | CJ47: لا يوجد ضرر | CK47: 1764664495059.jpg | CL47: https://eu.kobotoolbox.org/api/v2/assets/asidN676GwD9kVUoocseLY/data/729193669/attachments/attoqdzruMDDW3VR9zQuNYEo/ | CM47: 1764664504755.jpg | CN47: https://eu.kobotoolbox.org/api/v2/assets/asidN676GwD9kVUoocseLY/data/729193669/attachments/attG6k7TkvFLRnU7CoeKaPap/ | CO47: 1764664511987.jpg | CP47: https://eu.kobotoolbox.org/api/v2/assets/asidN676GwD9kVUoocseLY/data/729193669/attachments/att9ZxewE6JADfEoDceGju4K/ | CQ47: 1764664520198.jpg | CR47: https://eu.kobotoolbox.org/api/v2/assets/asidN676GwD9kVUoocseLY/data/729193669/attachments/attutL8gXn6femaPPp2334YZ/ | CS47: 1764664529182.jpg | CT47: https://eu.kobotoolbox.org/api/v2/assets/asidN676GwD9kVUoocseLY/data/729193669/attachments/attnfnGkd6sfh76h3ztTxeGb/ | CU47: 1764664537147.jpg | CV47: https://eu.kobotoolbox.org/api/v2/assets/asidN676GwD9kVUoocseLY/data/729193669/attachments/att6nximkdjVaamjD4M2J2SA/ | CW47: 1764664554896.jpg | CX47: https://eu.kobotoolbox.org/api/v2/assets/asidN676GwD9kVUoocseLY/data/729193669/attachments/attRSV9zvf8ZoZu2mfmKs8z5/ | CY47: 1764664563219.jpg | CZ47: https://eu.kobotoolbox.org/api/v2/assets/asidN676GwD9kVUoocseLY/data/729193669/attachments/attNvSPm3nLPPDCM8nLeSt96/ | DA47: نعم | DN47: لا | DO47: 47 | DP47: C3
A48: 47 | B48: 45994 | C48: سلام | D48: احمد | E48: الدسوقي | F48: فايزة شعبان | G48: ذكر | H48: 27034 | I48: متزوج/ة | J48: هنادي دياب الطير | K48: هوية شخصية | M48: 91786122513 | N48: 1764751315531.jpg | O48: https://eu.kobotoolbox.org/api/v2/assets/asidN676GwD9kVUoocseLY/data/729193985/attachments/attwxp4jjDMX6TLmEQtpFqvV/ | P48: 1764751324403.jpg | Q48: https://eu.kobotoolbox.org/api/v2/assets/asidN676GwD9kVUoocseLY/data/729193985/attachments/att8UkzRM2a6Qn6zMGaBEav8/ | R48: ريف دمشق | S48: مركز ريف دمشق | T48: عربين | U48: حارة الاشراف نزلة الاتحاد | V48: 963981733266 | W48: 993785351 | X48: لا | AL48: نعم | AM48: اخرى | AN48: 0 | AO48: 0 | AP48: 0 | AQ48: 0 | AR48: 1 | AS48: غسيل كلى | AT48: غير ذلك | AU48: 1 | AV48: 5 | AX48: 1 | AY48: 2 | AZ48: 0 | BA48: 1 | BB48: 0 | BC48: 1 | BD48: 0 | BE48: 0 | BF48: 0 | BG48: 0 | BH48: 0 | BI48: 0 | BJ48: 0 | BK48: لا يوجد مصدر دخل | BL48: 0 | BM48: عائد من النزوح الداخلي | BN48: زملكا | BO48: حارة الاشراف نزلة الاتحاد | BP48: 33.527355 | BQ48: 36.352848 | BR48: مالك | BS48: نعم | BT48: كتاب بلدية | BU48: 45994 | BV48: 1764763638422.jpg | BW48: https://eu.kobotoolbox.org/api/v2/assets/asidN676GwD9kVUoocseLY/data/729193985/attachments/atttGV5G4r8MvBf2f6a9vgPk/ | BX48: شقة طابقية | BY48: 2 | BZ48: 2 | CA48: 95 | CB48: نعم | CC48: نعم | CD48: نعم | CE48: لا | CF48: تعمل | CG48: نعم | CH48: لا | CI48: لا | CJ48: لا يوجد ضرر | CK48: 1764751548811.jpg | CL48: https://eu.kobotoolbox.org/api/v2/assets/asidN676GwD9kVUoocseLY/data/729193985/attachments/attcTjL8oNMDvAEkUk29riEh/ | CM48: 1764751556227.jpg | CN48: https://eu.kobotoolbox.org/api/v2/assets/asidN676GwD9kVUoocseLY/data/729193985/attachments/attRxpa3C8TonLSSAYDnN6o6/ | CO48: 1764751565757.jpg | CP48: https://eu.kobotoolbox.org/api/v2/assets/asidN676GwD9kVUoocseLY/data/729193985/attachments/attj9XBA3CM2sMe8itUyavAC/ | CQ48: 1764751587142.jpg | CR48: https://eu.kobotoolbox.org/api/v2/assets/asidN676GwD9kVUoocseLY/data/729193985/attachments/attLtc7qGuzgZQMB3MeyNrSm/ | CS48: 1764751593698.jpg | CT48: https://eu.kobotoolbox.org/api/v2/assets/asidN676GwD9kVUoocseLY/data/729193985/attachments/attDJkXa2XVtoHmg4hmEARSt/ | CU48: 1764751610572.jpg | CV48: https://eu.kobotoolbox.org/api/v2/assets/asidN676GwD9kVUoocseLY/data/729193985/attachments/attG5kwXfhF8JqYhNMQ8xB5P/ | CW48: 1764751617964.jpg | CX48: https://eu.kobotoolbox.org/api/v2/assets/asidN676GwD9kVUoocseLY/data/729193985/attachments/attxjBUg5e2fD9u6GsVNfTfT/ | CY48: 1764751624486.jpg | CZ48: https://eu.kobotoolbox.org/api/v2/assets/asidN676GwD9kVUoocseLY/data/729193985/attachments/att925bVyYW55a8kZ9z85KF9/ | DA48: نعم | DN48: لا | DO48: 25 | DP48: C3
A49: 48 | B49: 45994 | C49: ياسر | D49: دياب | E49: الدباس | F49: هند الغوش | G49: ذكر | H49: 34004 | I49: أعزب/عزباء | K49: إخراج قيد | M49: 3330030801 | N49: 1764749016921.jpg | O49: https://eu.kobotoolbox.org/api/v2/assets/asidN676GwD9kVUoocseLY/data/729309644/attachments/att9Cr37aDXr4ugUt9En7siH/ | P49: 1764749026487.jpg | Q49: https://eu.kobotoolbox.org/api/v2/assets/asidN676GwD9kVUoocseLY/data/729309644/attachments/attehQ9jztyD4ZFMB22z4NqK/ | R49: ريف دمشق | S49: التل | T49: مركز التل | U49: التل وادي حنونة جانب البريد | V49: 940354402 | X49: لا | AL49: لا | AT49: غير ذلك | AU49: 1 | AV49: 5 | AX49: 2 | AY49: 3 | AZ49: 0 | BA49: 0 | BB49: 0 | BC49: 0 | BD49: 0 | BE49: 0 | BF49: 0 | BG49: 0 | BH49: 0 | BI49: 0 | BJ49: 0 | BK49: لا يوجد مصدر دخل | BL49: 0 | BM49: نازح حالياً | BN49: زملكا | BO49: زملكا حارة المحاريق خلف معمل القزاز | BP49: 33.522537 | BQ49: 36.348071 | BR49: مالك | BS49: نعم | BT49: بيان قيد عقاري | BU49: 45606 | BV49: 1764749305823.jpg | BW49: https://eu.kobotoolbox.org/api/v2/assets/asidN676GwD9kVUoocseLY/data/729309644/attachments/attdcabEuTcnSx42RBbXzUnp/ | BX49: منزل مستقل | BY49: 2 | BZ49: 0 | CA49: 65 | CB49: لا | CC49: نعم | CD49: لا | CE49: نعم | CF49: لا تعمل | CG49: لا | CH49: لا | CI49: لا | CJ49: ضرر شديد | CK49: 1764749457551.jpg | CL49: https://eu.kobotoolbox.org/api/v2/assets/asidN676GwD9kVUoocseLY/data/729309644/attachments/att5uJqyd2K4JAWDPjPfEq53/ | CM49: 1764749489322.jpg | CN49: https://eu.kobotoolbox.org/api/v2/assets/asidN676GwD9kVUoocseLY/data/729309644/attachments/attjsiRTeq9KCmVmx6Pha8VF/ | CO49: 1764749510851.jpg | CP49: https://eu.kobotoolbox.org/api/v2/assets/asidN676GwD9kVUoocseLY/data/729309644/attachments/attzkrz7J2THCgGgd4BsrYF3/ | CQ49: 1764749521438.jpg | CR49: https://eu.kobotoolbox.org/api/v2/assets/asidN676GwD9kVUoocseLY/data/729309644/attachments/attUc3JSpajJmDQsnq4BX2fN/ | CS49: 1764749535076.jpg | CT49: https://eu.kobotoolbox.org/api/v2/assets/asidN676GwD9kVUoocseLY/data/729309644/attachments/attvgS7He4ZY3nR9NzRgVL8P/ | CU49: 1764749564543.jpg | CV49: https://eu.kobotoolbox.org/api/v2/assets/asidN676GwD9kVUoocseLY/data/729309644/attachments/attYvNTCgXziBXXaVX5SH9Fo/ | CW49: 1764749573166.jpg | CX49: https://eu.kobotoolbox.org/api/v2/assets/asidN676GwD9kVUoocseLY/data/729309644/attachments/attiTtXerjXQ8TdyQFsdGNSQ/ | CY49: 1764749580712.jpg | CZ49: https://eu.kobotoolbox.org/api/v2/assets/asidN676GwD9kVUoocseLY/data/729309644/attachments/attyY4EYSHCyTspQTwuoC3Hf/ | DA49: نعم | DN49: لا | DO49: الرقم التسلسي 125 | DP49: C3
A50: 49 | B50: 45994 | C50: احمداديب | D50: عبدالرحمن | E50: الدباس | F50: قمر الدباس | G50: ذكر | H50: 21894 | I50: متزوج/ة | J50: ملك مصطفى الدباس | K50: هوية شخصية | M50: 3330031010 | N50: 1764747477936.jpg | O50: https://eu.kobotoolbox.org/api/v2/assets/asidN676GwD9kVUoocseLY/data/729309774/attachments/atthyLh5cqM2wMxhn8m2bzkn/ | P50: 1764747484938.jpg | Q50: https://eu.kobotoolbox.org/api/v2/assets/asidN676GwD9kVUoocseLY/data/729309774/attachments/attiv3rBDkSYqqxueCALojvC/ | R50: ريف دمشق | S50: مركز ريف دمشق | T50: عربين | U50: زملكا المحاريق خلف معمل الزجاج | V50: 951387642 | X50: لا | AL50: نعم | AM50: اخرى | AN50: 0 | AO50: 0 | AP50: 0 | AQ50: 0 | AR50: 1 | AS50: مشاكل بالاعصاب | AT50: منزل يعيله رجل كبير بالسن (فوق 60 سنة) | AU50: 2 | AV50: 6 | AX50: 3 | AY50: 3 | AZ50: 0 | BA50: 0 | BB50: 0 | BC50: 0 | BD50: 1 | BE50: 0 | BF50: 0 | BG50: 0 | BH50: 0 | BI50: 0 | BJ50: 0 | BK50: أخرى | BL50: 2 | BM50: عائد من النزوح الداخلي | BN50: زملكا | BO50: زملكا حارة المحاريق خلف معمل القزاز | BP50: 33.522599 | BQ50: 36.348092 | BR50: مالك | BS50: نعم | BT50: بيان قيد عقاري | BU50: 45971 | BV50: 1764748433235.jpg | BW50: https://eu.kobotoolbox.org/api/v2/assets/asidN676GwD9kVUoocseLY/data/729309774/attachments/attkWDRCXprydrb4NvApJJzp/ | BX50: منزل مستقل | BY50: 7 | BZ50: 0 | CA50: 130 | CB50: نعم | CC50: نعم | CD50: نعم | CE50: نعم | CF50: تعمل | CG50: نعم | CH50: لا | CI50: لا | CJ50: ضرر متوسط | CK50: 1764748104892.jpg | CL50: https://eu.kobotoolbox.org/api/v2/assets/asidN676GwD9kVUoocseLY/data/729309774/attachments/attvo2AJ6uzpF42x3TEmRKXF/ | CM50: 1764748118286.jpg | CN50: https://eu.kobotoolbox.org/api/v2/assets/asidN676GwD9kVUoocseLY/data/729309774/attachments/att7v3V2uBdrUEuxL86zWYgB/ | CO50: 1764748139530.jpg | CP50: https://eu.kobotoolbox.org/api/v2/assets/asidN676GwD9kVUoocseLY/data/729309774/attachments/attYoyiGALjvMMVeQzJ9BdVu/ | CQ50: 1764748155531.jpg | CR50: https://eu.kobotoolbox.org/api/v2/assets/asidN676GwD9kVUoocseLY/data/729309774/attachments/attiGyUzJdB4JG9HwB6vNqb5/ | CS50: 1764748215070.jpg | CT50: https://eu.kobotoolbox.org/api/v2/assets/asidN676GwD9kVUoocseLY/data/729309774/attachments/attyXzEg53y5PRjpE3Dg7cPY/ | CU50: 1764748293313.jpg | CV50: https://eu.kobotoolbox.org/api/v2/assets/asidN676GwD9kVUoocseLY/data/729309774/attachments/attNYhWc4cbTNFNqNo6Zxeq9/ | CW50: 1764748322114.jpg | CX50: https://eu.kobotoolbox.org/api/v2/assets/asidN676GwD9kVUoocseLY/data/729309774/attachments/att6xMnmVjqmmXawubcdzFVh/ | CY50: 1764748345955.jpg | CZ50: https://eu.kobotoolbox.org/api/v2/assets/asidN676GwD9kVUoocseLY/data/729309774/attachments/attHg2id8pkg3hRcPTwDjw7f/ | DA50: نعم | DN50: لا | DO50: الرقم التسلسلي 224 | DP50: C3
A51: 50 | B51: 45994 | C51: عمر | D51: عبدالرحمن | E51: الدباس | F51: قمر الدباس | G51: ذكر | H51: 23814 | I51: متزوج/ة | J51: بسينة ناصر شمس | K51: هوية شخصية | M51: 3330030909 | N51: 1764750435402.jpg | O51: https://eu.kobotoolbox.org/api/v2/assets/asidN676GwD9kVUoocseLY/data/729309812/attachments/att9s8rBSNcLqMgygqkhbhzb/ | P51: 1764750449744.jpg | Q51: https://eu.kobotoolbox.org/api/v2/assets/asidN676GwD9kVUoocseLY/data/729309812/attachments/attwVShi8PJChwM5VScYGNGX/ | R51: ريف دمشق | S51: مركز ريف دمشق | T51: عربين | U51: زملكا شارع الخضر بناء ابو مرعي | V51: 960635262 | X51: لا | AL51: نعم | AM51: قلب | AN51: 0 | AO51: 1 | AP51: 0 | AQ51: 0 | AR51: 0 | AT51: غير ذلك | AU51: 2 | AV51: 7 | AX51: 2 | AY51: 2 | AZ51: 0 | BA51: 1 | BB51: 2 | BC51: 0 | BD51: 0 | BE51: 0 | BF51: 0 | BG51: 0 | BH51: 1 | BI51: 0 | BJ51: 0 | BK51: أعمال حرة | BL51: 2 | BM51: نازح حالياً | BN51: زملكا | BO51: زملكا حي المحارق خلف معمل القزاز | BP51: 33.52225 | BQ51: 36.348389 | BR51: مالك | BS51: نعم | BT51: بيان قيد عقاري | BU51: 45606 | BV51: 1764750685862.jpg | BW51: https://eu.kobotoolbox.org/api/v2/assets/asidN676GwD9kVUoocseLY/data/729309812/attachments/atthr3HhSfDTYchc59oP2ayg/ | BX51: منزل مستقل | BY51: 4 | BZ51: 0 | CA51: 100 | CB51: لا | CC51: نعم | CD51: نعم | CE51: لا | CF51: تعمل | CG51: نعم | CH51: لا | CI51: لا | CJ51: ضرر متوسط | CK51: 1764750785496.jpg | CL51: https://eu.kobotoolbox.org/api/v2/assets/asidN676GwD9kVUoocseLY/data/729309812/attachments/attXe4YE8ZkyDeUFsbkTFavm/ | CM51: 1764750796198.jpg | CN51: https://eu.kobotoolbox.org/api/v2/assets/asidN676GwD9kVUoocseLY/data/729309812/attachments/attTrmwKA8Aqn7dkHYDPMFxn/ | CO51: 1764750819641.jpg | CP51: https://eu.kobotoolbox.org/api/v2/assets/asidN676GwD9kVUoocseLY/data/729309812/attachments/attEwzaaTcVPwaXfSasN5W6t/ | CQ51: 1764750831513.jpg | CR51: https://eu.kobotoolbox.org/api/v2/assets/asidN676GwD9kVUoocseLY/data/729309812/attachments/attWJ2hVpcLxQvo5EBXMBnXW/ | CS51: 1764750839286.jpg | CT51: https://eu.kobotoolbox.org/api/v2/assets/asidN676GwD9kVUoocseLY/data/729309812/attachments/attTLAiTXHEVjniVyXfu9bnV/ | CU51: 1764750852464.jpg | CV51: https://eu.kobotoolbox.org/api/v2/assets/asidN676GwD9kVUoocseLY/data/729309812/attachments/attBvDoaWoQHipRhKp9ASJ9K/ | CW51: 1764750860159.jpg | CX51: https://eu.kobotoolbox.org/api/v2/assets/asidN676GwD9kVUoocseLY/data/729309812/attachments/attvWYGfHBPBEUZ5RyVQjFpq/ | CY51: 1764750866217.jpg | CZ51: https://eu.kobotoolbox.org/api/v2/assets/asidN676GwD9kVUoocseLY/data/729309812/attachments/attVFpNaTf6J5fhNfjyQiCGW/ | DA51: نعم | DN51: لا | DO51: الرقم التسلسلي 222 | DP51: C3
A52: 51 | B52: 45994 | C52: حسنا | D52: حسين | E52: صفصف | F52: غالية المصري | G52: أنثى | H52: 26018 | I52: أرمل/أرملة | K52: هوية شخصية | M52: 3330025318 | N52: 1764751546042.jpg | O52: https://eu.kobotoolbox.org/api/v2/assets/asidN676GwD9kVUoocseLY/data/729309852/attachments/att5pUUXmPSHo68VeDWCmWWW/ | P52: 1764751557911.jpg | Q52: https://eu.kobotoolbox.org/api/v2/assets/asidN676GwD9kVUoocseLY/data/729309852/attachments/attfgXEb3Tu9xiCXrqtiiCqP/ | R52: ريف دمشق | S52: مركز ريف دمشق | T52: عربين | U52: زملكا حارة المحاريق جانب منشرة اب اديب | V52: 938043143 | X52: لا | AL52: نعم | AM52: سكري | AN52: 1 | AO52: 0 | AP52: 0 | AQ52: 0 | AR52: 0 | AT52: غير ذلك | AU52: 2 | AV52: 10 | AX52: 1 | AY52: 2 | AZ52: 2 | BA52: 0 | BB52: 3 | BC52: 2 | BD52: 0 | BE52: 0 | BF52: 0 | BG52: 0 | BH52: 0 | BI52: 0 | BJ52: 0 | BK52: أعمال حرة | BL52: 1 | BM52: عائد من النزوح الداخلي | BN52: زملكا | BO52: زملكا حارة المحاريق جانب منشرة اب اديب | BP52: 33.522256 | BQ52: 36.348779 | BR52: مالك | BS52: نعم | BT52: بيان قيد عقاري | BU52: 39000 | BV52: 1764751862653.jpg | BW52: https://eu.kobotoolbox.org/api/v2/assets/asidN676GwD9kVUoocseLY/data/729309852/attachments/attRwD4u7QZkHyeLimH4D9Vz/ | BX52: منزل مستقل | BY52: 2 | BZ52: 0 | CA52: 160 | CB52: نعم | CC52: نعم | CD52: نعم | CE52: لا | CF52: تعمل | CG52: نعم | CH52: لا | CI52: لا | CJ52: لا يوجد ضرر | CK52: 1764751926309.jpg | CL52: https://eu.kobotoolbox.org/api/v2/assets/asidN676GwD9kVUoocseLY/data/729309852/attachments/attNJHELA5MDfChrhjgYWrqW/ | CM52: 1764751939424.jpg | CN52: https://eu.kobotoolbox.org/api/v2/assets/asidN676GwD9kVUoocseLY/data/729309852/attachments/attq269a4GcGzJKPF5kXLmTp/ | CO52: 1764751946915.jpg | CP52: https://eu.kobotoolbox.org/api/v2/assets/asidN676GwD9kVUoocseLY/data/729309852/attachments/attWPvji2UfshD7C7amzwjyt/ | CQ52: 1764751958182.jpg | CR52: https://eu.kobotoolbox.org/api/v2/assets/asidN676GwD9kVUoocseLY/data/729309852/attachments/att2X2V7VCMRqCdPv9TNNQ33/ | CS52: 1764751965473.jpg | CT52: https://eu.kobotoolbox.org/api/v2/assets/asidN676GwD9kVUoocseLY/data/729309852/attachments/attvqpWZm7RxfTosnsT9KMdQ/ | CU52: 1764752001909.jpg | CV52: https://eu.kobotoolbox.org/api/v2/assets/asidN676GwD9kVUoocseLY/data/729309852/attachments/attQJzhzwbUDJVyjFSPHbdBt/ | CW52: 1764752025009.jpg | CX52: https://eu.kobotoolbox.org/api/v2/assets/asidN676GwD9kVUoocseLY/data/729309852/attachments/att8q6m3BWw5LystMDFwYYQQ/ | CY52: 1764752033317.jpg | CZ52: https://eu.kobotoolbox.org/api/v2/assets/asidN676GwD9kVUoocseLY/data/729309852/attachments/atta2bkmi9ocMNjnzL6rTUBi/ | DA52: نعم | DN52: لا | DO52: الرقم التسلسلي 189 | DP52: C3
A53: 52 | B53: 45994 | C53: محمد صبحي | D53: رياض | E53: دباس | F53: صباح الدباس | G53: ذكر | H53: 32143 | I53: متزوج/ة | J53: امل حكمت العطري | K53: هوية شخصية | M53: 27890909757 | N53: 1764752928501.jpg | O53: https://eu.kobotoolbox.org/api/v2/assets/asidN676GwD9kVUoocseLY/data/729309876/attachments/attgSejvcBtCNGpGhQ5RPYgY/ | P53: 1764752942941.jpg | Q53: https://eu.kobotoolbox.org/api/v2/assets/asidN676GwD9kVUoocseLY/data/729309876/attachments/att6QWAbnDy7KwCkDWXhqEcD/ | R53: ريف دمشق | S53: مركز ريف دمشق | T53: عربين | U53: زملكا حي المحاريق جانب معمل القزاز | V53: 967752781 | X53: لا | AL53: لا | AT53: غير ذلك | AU53: 2 | AV53: 8 | AX53: 2 | AY53: 2 | AZ53: 0 | BA53: 0 | BB53: 3 | BC53: 1 | BD53: 0 | BE53: 0 | BF53: 0 | BG53: 0 | BH53: 0 | BI53: 0 | BJ53: 0 | BK53: أعمال حرة | BL53: 1 | BM53: نازح حالياً | BN53: زملكا | BO53: زملكا حارة المحاريق جانب جامع الحسن | BP53: 33.523176 | BQ53: 36.349017 | BR53: مالك | BS53: نعم | BT53: بيان قيد عقاري | BU53: 29361 | BV53: 1764753230248.jpg | BW53: https://eu.kobotoolbox.org/api/v2/assets/asidN676GwD9kVUoocseLY/data/729309876/attachments/attoYMtss6SsEuZjW2bCxMpg/ | BX53: شقة طابقية | BY53: 2 | BZ53: 4 | CA53: 60 | CB53: نعم | CC53: نعم | CD53: نعم | CE53: لا | CF53: تعمل | CG53: نعم | CH53: لا | CI53: لا | CJ53: لا يوجد ضرر | CK53: 1764753353387.jpg | CL53: https://eu.kobotoolbox.org/api/v2/assets/asidN676GwD9kVUoocseLY/data/729309876/attachments/attuNYNrWNNFgbQxrMVeFVMt/ | CM53: 1764753279332.jpg | CN53: https://eu.kobotoolbox.org/api/v2/assets/asidN676GwD9kVUoocseLY/data/729309876/attachments/attREHfAS4FytH3eHmx4mqBa/ | CO53: 1764753296218.jpg | CP53: https://eu.kobotoolbox.org/api/v2/assets/asidN676GwD9kVUoocseLY/data/729309876/attachments/attUtPwL22BUi6AtZ6WVzE8t/ | CQ53: 1764753302200.jpg | CR53: https://eu.kobotoolbox.org/api/v2/assets/asidN676GwD9kVUoocseLY/data/729309876/attachments/attKN9sXgL4ZwEjbbzj9zM4v/ | CS53: 1764753318900.jpg | CT53: https://eu.kobotoolbox.org/api/v2/assets/asidN676GwD9kVUoocseLY/data/729309876/attachments/attMJcN9kwMnHVELsdTsgXNH/ | CU53: 1764753327356.jpg | CV53: https://eu.kobotoolbox.org/api/v2/assets/asidN676GwD9kVUoocseLY/data/729309876/attachments/att8nBxN4j9rUhogXgsp2SK4/ | CW53: 1764753335310.jpg | CX53: https://eu.kobotoolbox.org/api/v2/assets/asidN676GwD9kVUoocseLY/data/729309876/attachments/attDxz26qNebFCdp78p7mXcX/ | CY53: 1764753342566.jpg | CZ53: https://eu.kobotoolbox.org/api/v2/assets/asidN676GwD9kVUoocseLY/data/729309876/attachments/attPLfum8ccE84a2wPNZrFTy/ | DA53: نعم | DN53: لا | DO53: الرقم التسلسلي 57 | DP53: C3
A54: 53 | B54: 45994 | C54: رياض | D54: صبحي | E54: الدباس | F54: فضيلة دواره | G54: ذكر | H54: 18720 | I54: متزوج/ة | J54: صباح محمود دباس | K54: هوية شخصية | M54: 3330034507 | N54: 1764754014401.jpg | O54: https://eu.kobotoolbox.org/api/v2/assets/asidN676GwD9kVUoocseLY/data/729309934/attachments/attTBwWGo598uVggqNxN6uZL/ | P54: 1764754022305.jpg | Q54: https://eu.kobotoolbox.org/api/v2/assets/asidN676GwD9kVUoocseLY/data/729309934/attachments/attfXrXdEKb3nyJvPdnPHZBT/ | R54: ريف دمشق | S54: مركز ريف دمشق | T54: عربين | U54: زملكا حارة المحاريق جانب جامع الحسن | V54: 943691458 | X54: لا | AL54: لا | AT54: منزل يعيله رجل كبير بالسن (فوق 60 سنة) | AU54: 3 | AV54: 8 | AX54: 3 | AY54: 4 | AZ54: 0 | BA54: 0 | BB54: 1 | BC54: 0 | BD54: 1 | BE54: 0 | BF54: 0 | BG54: 0 | BH54: 0 | BI54: 0 | BJ54: 0 | BK54: لا يوجد مصدر دخل | BL54: 0 | BM54: عائد من النزوح الداخلي | BN54: زملكا | BO54: زملكا حارة المحاريق جانب جامع الحسن | BP54: 33.523285 | BQ54: 36.349513 | BR54: مالك | BS54: نعم | BT54: بيان قيد عقاري | BU54: 29361 | BV54: 1764754284516.jpg | BW54: https://eu.kobotoolbox.org/api/v2/assets/asidN676GwD9kVUoocseLY/data/729309934/attachments/attG2anNe4wRKSjkFvHaN53Y/ | BX54: شقة طابقية | BY54: 3 | BZ54: 4 | CA54: 107 | CB54: نعم | CC54: نعم | CD54: نعم | CE54: لا | CF54: تعمل | CG54: نعم | CH54: لا | CI54: لا | CJ54: لا يوجد ضرر | CK54: 1764754406678.jpg | CL54: https://eu.kobotoolbox.org/api/v2/assets/asidN676GwD9kVUoocseLY/data/729309934/attachments/atteW5KuYjnEgVGT9TMS6eDY/ | CM54: 1764754326391.jpg | CN54: https://eu.kobotoolbox.org/api/v2/assets/asidN676GwD9kVUoocseLY/data/729309934/attachments/attS69wsy5pgV4ihGCpnUzrh/ | CO54: 1764754334846.jpg | CP54: https://eu.kobotoolbox.org/api/v2/assets/asidN676GwD9kVUoocseLY/data/729309934/attachments/attGRSzQo8ZwpQBec3LsQ9Fe/ | CQ54: 1764754343924.jpg | CR54: https://eu.kobotoolbox.org/api/v2/assets/asidN676GwD9kVUoocseLY/data/729309934/attachments/att4WvA2k7rdLkNHgMXkjUPT/ | CS54: 1764754356935.jpg | CT54: https://eu.kobotoolbox.org/api/v2/assets/asidN676GwD9kVUoocseLY/data/729309934/attachments/attrVAeisy9Q7JE8hweYfb7h/ | CU54: 1764754375483.jpg | CV54: https://eu.kobotoolbox.org/api/v2/assets/asidN676GwD9kVUoocseLY/data/729309934/attachments/atteWqN9vbZzv8Qwyk4bke9j/ | CW54: 1764754388409.jpg | CX54: https://eu.kobotoolbox.org/api/v2/assets/asidN676GwD9kVUoocseLY/data/729309934/attachments/attUgBBFpJHNKqdMbEg2QrNv/ | CY54: 1764754397852.jpg | CZ54: https://eu.kobotoolbox.org/api/v2/assets/asidN676GwD9kVUoocseLY/data/729309934/attachments/attKER7BWmJ9Az3T7Gtnj3Sv/ | DA54: نعم | DN54: لا | DO54: الرقم التسلسلي 228 | DP54: C3
A55: 54 | B55: 45994 | C55: شادي | D55: محمد ياسين | E55: حلو | F55: سميره فتينه | G55: ذكر | H55: 31055 | I55: متزوج/ة | J55: حياة فايز طواشي | K55: هوية شخصية | M55: 1040241583 | N55: 1764757343692.jpg | O55: https://eu.kobotoolbox.org/api/v2/assets/asidN676GwD9kVUoocseLY/data/729309954/attachments/attjjr9B4B9xzvjG5vGMMMQW/ | P55: 1764757352153.jpg | Q55: https://eu.kobotoolbox.org/api/v2/assets/asidN676GwD9kVUoocseLY/data/729309954/attachments/att6nTnHjJa5fypsXZncHXWb/ | R55: ريف دمشق | S55: مركز ريف دمشق | T55: عربين | U55: زملكا حي المحاريق | V55: 953617585 | X55: لا | AL55: لا | AT55: غير ذلك | AU55: 1 | AV55: 5 | AX55: 1 | AY55: 1 | AZ55: 1 | BA55: 1 | BB55: 0 | BC55: 1 | BD55: 0 | BE55: 0 | BF55: 0 | BG55: 0 | BH55: 0 | BI55: 0 | BJ55: 0 | BK55: لا يوجد مصدر دخل | BL55: 1 | BM55: عائد من النزوح الداخلي | BN55: زملكا | BO55: زملكا حي المحاريق | BP55: 33.522949 | BQ55: 36.349042 | BR55: مالك | BS55: نعم | BT55: حكم محكمة | BU55: 45729 | BV55: 1764757581393.jpg | BW55: https://eu.kobotoolbox.org/api/v2/assets/asidN676GwD9kVUoocseLY/data/729309954/attachments/attpBxpDU4oPJZ6o8tBcHMSd/ | BX55: منزل مستقل | BY55: 2 | BZ55: 0 | CA55: 72 | CB55: لا | CC55: نعم | CD55: نعم | CE55: لا | CF55: تعمل | CG55: نعم | CH55: لا | CI55: لا | CJ55: ضرر خفيف | CK55: 1764757659475.jpg | CL55: https://eu.kobotoolbox.org/api/v2/assets/asidN676GwD9kVUoocseLY/data/729309954/attachments/atthDSPz5h9z6pnFcwx4Pvp4/ | CM55: 1764757667697.jpg | CN55: https://eu.kobotoolbox.org/api/v2/assets/asidN676GwD9kVUoocseLY/data/729309954/attachments/att7kjMHfnGpGwEN2i5tJpbh/ | CO55: 1764757687076.jpg | CP55: https://eu.kobotoolbox.org/api/v2/assets/asidN676GwD9kVUoocseLY/data/729309954/attachments/atthwQKrCZcVXEgH9ohdMdxi/ | CQ55: 1764757700555.jpg | CR55: https://eu.kobotoolbox.org/api/v2/assets/asidN676GwD9kVUoocseLY/data/729309954/attachments/attyCj9iCsyVFBxc8FMeRCZV/ | CS55: 1764757708663.jpg | CT55: https://eu.kobotoolbox.org/api/v2/assets/asidN676GwD9kVUoocseLY/data/729309954/attachments/attmor5SLoJbAp5ikV4YkCbR/ | CU55: 1764757722879.jpg | CV55: https://eu.kobotoolbox.org/api/v2/assets/asidN676GwD9kVUoocseLY/data/729309954/attachments/attL7SpUeviJqRUvKad2zPux/ | CW55: 1764757739703.jpg | CX55: https://eu.kobotoolbox.org/api/v2/assets/asidN676GwD9kVUoocseLY/data/729309954/attachments/attXFeZ4GvKHmfhyaBUukmN9/ | CY55: 1764757746153.jpg | CZ55: https://eu.kobotoolbox.org/api/v2/assets/asidN676GwD9kVUoocseLY/data/729309954/attachments/att2kVpvP7SN9eL4ZbmAQxRH/ | DA55: نعم | DN55: لا | DO55: الرقم التسلسلي 127 | DP55: C3
A56: 55 | B56: 45994 | C56: اسامه | D56: محمد | E56: نعمان | F56: وحيده سليمان | G56: ذكر | H56: 25394 | I56: متزوج/ة | J56: زبيدة مسلم شكير | K56: هوية شخصية | M56: 3330027720 | N56: 1764758727613.jpg | O56: https://eu.kobotoolbox.org/api/v2/assets/asidN676GwD9kVUoocseLY/data/729312164/attachments/attjwTtUMKvt9LBL8AArNEp3/ | P56: 1764758744896.jpg | Q56: https://eu.kobotoolbox.org/api/v2/assets/asidN676GwD9kVUoocseLY/data/729312164/attachments/attmpMsSPQotKxvGEscHvwVx/ | R56: ريف دمشق | S56: مركز ريف دمشق | T56: عربين | U56: زملكا حارة المحاريق جانب معمل الرخام | V56: 998882490 | X56: لا | AL56: نعم | AM56: سكري قلب | AN56: 1 | AO56: 1 | AP56: 0 | AQ56: 0 | AR56: 0 | AT56: غير ذلك | AU56: 1 | AV56: 6 | AX56: 3 | AY56: 2 | AZ56: 0 | BA56: 0 | BB56: 1 | BC56: 0 | BD56: 0 | BE56: 0 | BF56: 0 | BG56: 0 | BH56: 0 | BI56: 0 | BJ56: 0 | BK56: لا يوجد مصدر دخل | BL56: 2 | BM56: عائد من اللجوء الخارجي | BN56: زملكا | BO56: زملكا حارة المحاريق جانب معمل البلاط | BP56: 33.523075 | BQ56: 36.34923 | BR56: مالك | BS56: نعم | BT56: بيان قيد عقاري | BU56: 28262 | BV56: 1764759055871.jpg | BW56: https://eu.kobotoolbox.org/api/v2/assets/asidN676GwD9kVUoocseLY/data/729312164/attachments/att8ito6YmubX9eqHkG9SHnu/ | BX56: منزل مستقل | BY56: 3 | BZ56: 0 | CA56: 100 | CB56: نعم | CC56: نعم | CD56: نعم | CE56: لا | CF56: تعمل | CG56: نعم | CH56: لا | CI56: لا | CJ56: ضرر خفيف | CK56: 1764759584012.jpg | CL56: https://eu.kobotoolbox.org/api/v2/assets/asidN676GwD9kVUoocseLY/data/729312164/attachments/attzb4xnEDgcp8TLpdrHhBen/ | CM56: 1764759161462.jpg | CN56: https://eu.kobotoolbox.org/api/v2/assets/asidN676GwD9kVUoocseLY/data/729312164/attachments/attBjX3uHxJ3ZkEtCLaQskVc/ | CO56: 1764759169699.jpg | CP56: https://eu.kobotoolbox.org/api/v2/assets/asidN676GwD9kVUoocseLY/data/729312164/attachments/attBSjbweScsLc8Q28PT4mTS/ | CQ56: 1764759181948.jpg | CR56: https://eu.kobotoolbox.org/api/v2/assets/asidN676GwD9kVUoocseLY/data/729312164/attachments/attXoxECCdBeWEo5DynAn3Td/ | CS56: 1764759189708.jpg | CT56: https://eu.kobotoolbox.org/api/v2/assets/asidN676GwD9kVUoocseLY/data/729312164/attachments/attzk9atgNddTqK8rHDLu5c9/ | CU56: 1764759200968.jpg | CV56: https://eu.kobotoolbox.org/api/v2/assets/asidN676GwD9kVUoocseLY/data/729312164/attachments/attpeNAHGx7Y2E7vg4Yaxpj2/ | CW56: 1764759224479.jpg | CX56: https://eu.kobotoolbox.org/api/v2/assets/asidN676GwD9kVUoocseLY/data/729312164/attachments/att2vYE2bp8KAxCMs96VrTjY/ | CY56: 1764759233352.jpg | CZ56: https://eu.kobotoolbox.org/api/v2/assets/asidN676GwD9kVUoocseLY/data/729312164/attachments/attdyNVofVaeQ5PZpiG6wvTL/ | DA56: نعم | DN56: لا | DO56: الرقم التسلسلي 46 | DP56: C3
A57: 56 | B57: 45994 | C57: اسامه | D57: احمد | E57: كوكش | F57: عائشه الدحلا | G57: ذكر | H57: 29295 | I57: أعزب/عزباء | K57: هوية شخصية | M57: 12417507929 | N57: 1764760161922.jpg | O57: https://eu.kobotoolbox.org/api/v2/assets/asidN676GwD9kVUoocseLY/data/729312631/attachments/attztS5TUgrWXFnEYh8SzEBp/ | P57: 1764760172081.jpg | Q57: https://eu.kobotoolbox.org/api/v2/assets/asidN676GwD9kVUoocseLY/data/729312631/attachments/attYuridattqGgatpDYVyWgZ/ | R57: ريف دمشق | S57: مركز ريف دمشق | T57: عربين | U57: زملكا الساحة | V57: 947962073 | X57: لا | AL57: نعم | AM57: قلب سكري | AN57: 1 | AO57: 1 | AP57: 0 | AQ57: 0 | AR57: 0 | AT57: غير ذلك | AU57: 1 | AV57: 3 | AX57: 1 | AY57: 2 | AZ57: 0 | BA57: 0 | BB57: 0 | BC57: 0 | BD57: 1 | BE57: 0 | BF57: 0 | BG57: 0 | BH57: 0 | BI57: 0 | BJ57: 0 | BK57: عمل حكومي | BL57: 1 | BM57: عائد من النزوح الداخلي | BN57: زملكا | BO57: زملكا حارة المحاريق | BP57: 33.524062 | BQ57: 36.348503 | BR57: مالك | BS57: لا | BX57: منزل مستقل | BY57: 2 | BZ57: 0 | CA57: 65 | CB57: نعم | CC57: نعم | CD57: نعم | CE57: لا | CF57: لا تعمل | CG57: لا | CH57: لا | CI57: لا | CJ57: ضرر متوسط | CK57: 1764760536450.jpg | CL57: https://eu.kobotoolbox.org/api/v2/assets/asidN676GwD9kVUoocseLY/data/729312631/attachments/att82YpXHdiRGgPDamzmTKug/ | CM57: 1764760553189.jpg | CN57: https://eu.kobotoolbox.org/api/v2/assets/asidN676GwD9kVUoocseLY/data/729312631/attachments/attfHR4kBq49c4MPVcfzv8P3/ | CO57: 1764760559518.jpg | CP57: https://eu.kobotoolbox.org/api/v2/assets/asidN676GwD9kVUoocseLY/data/729312631/attachments/attkg4muYQYVYj5UuBkpmTgQ/ | CQ57: 1764760566746.jpg | CR57: https://eu.kobotoolbox.org/api/v2/assets/asidN676GwD9kVUoocseLY/data/729312631/attachments/attSJhxpLyZL75c27YjMuZzp/ | CS57: 1764760572445.jpg | CT57: https://eu.kobotoolbox.org/api/v2/assets/asidN676GwD9kVUoocseLY/data/729312631/attachments/attVoUNgcxvGNaZfC9PW9wCa/ | CU57: 1764760589314.jpg | CV57: https://eu.kobotoolbox.org/api/v2/assets/asidN676GwD9kVUoocseLY/data/729312631/attachments/attauDzEPuErMaL7QcZbeCzN/ | CW57: 1764760601228.jpg | CX57: https://eu.kobotoolbox.org/api/v2/assets/asidN676GwD9kVUoocseLY/data/729312631/attachments/attUPWk3VkEzaoMTYCWoEgm6/ | CY57: 1764760607748.jpg | CZ57: https://eu.kobotoolbox.org/api/v2/assets/asidN676GwD9kVUoocseLY/data/729312631/attachments/attQmQZV2U7LctQJDTy9emkt/ | DA57: نعم | DN57: لا | DO57: الرقم التسلسلي 96 سيقوم بتقديم الاوراق الثبوتية للبلدية | DP57: C3
A58: 57 | B58: 45994 | C58: محمد حسام | D58: احسان الدين | E58: نوح | F58: مسره السعدي | G58: ذكر | H58: 26260 | I58: متزوج/ة | J58: هدايات مصطفى الخطيب | K58: هوية شخصية | M58: 13041068183 | N58: 1764761476062.jpg | O58: https://eu.kobotoolbox.org/api/v2/assets/asidN676GwD9kVUoocseLY/data/729314568/attachments/att2qCWFnCCco8AaZD762Erp/ | P58: 1764761505401.jpg | Q58: https://eu.kobotoolbox.org/api/v2/assets/asidN676GwD9kVUoocseLY/data/729314568/attachments/attGutBW7fxAbBdVSoFjsm3B/ | R58: ريف دمشق | S58: مركز ريف دمشق | T58: عربين | U58: زملكا اول حزة | V58: 447853471944 | W58: 980487531 | X58: لا | AL58: نعم | AM58: اخرى | AN58: 0 | AO58: 0 | AP58: 0 | AQ58: 0 | AR58: 1 | AS58: بتر بأصابع القدم نتيجة اصابة حربية | AT58: غير ذلك | AU58: 1 | AV58: 4 | AX58: 1 | AY58: 1 | AZ58: 2 | BA58: 0 | BB58: 0 | BC58: 0 | BD58: 0 | BE58: 0 | BF58: 0 | BG58: 0 | BH58: 0 | BI58: 0 | BJ58: 0 | BK58: أعمال حرة | BL58: 1 | BM58: عائد من النزوح الداخلي | BN58: زملكا | BO58: زملكا مقابل جامع الحسن | BP58: 33.52446 | BQ58: 36.347147 | BR58: مالك | BS58: نعم | BT58: بيان قيد عقاري | BU58: 45959 | BV58: 1764761756667.jpg | BW58: https://eu.kobotoolbox.org/api/v2/assets/asidN676GwD9kVUoocseLY/data/729314568/attachments/attxVVkWEgPmt5Rvy4mLT96r/ | BX58: شقة طابقية | BY58: 4 | BZ58: 2 | CA58: 70 | CB58: نعم | CC58: نعم | CD58: نعم | CE58: لا | CF58: تعمل | CG58: نعم | CH58: لا | CI58: لا | CJ58: ضرر خفيف | CK58: 1764761813617.jpg | CL58: https://eu.kobotoolbox.org/api/v2/assets/asidN676GwD9kVUoocseLY/data/729314568/attachments/attu7qgZkkatg3exSkSkfuEY/ | CM58: 1764761829284.jpg | CN58: https://eu.kobotoolbox.org/api/v2/assets/asidN676GwD9kVUoocseLY/data/729314568/attachments/attxR7yo8hK5EC22GC9uRyfT/ | CO58: 1764761842122.jpg | CP58: https://eu.kobotoolbox.org/api/v2/assets/asidN676GwD9kVUoocseLY/data/729314568/attachments/att5vVWu63hBqEYvNCXgYvTA/ | CQ58: 1764761849904.jpg | CR58: https://eu.kobotoolbox.org/api/v2/assets/asidN676GwD9kVUoocseLY/data/729314568/attachments/att8tDtnMRgYbxJWqr9SFr4u/ | CS58: 1764761857709.jpg | CT58: https://eu.kobotoolbox.org/api/v2/assets/asidN676GwD9kVUoocseLY/data/729314568/attachments/attAo7mPT9m86Y87nUb5JqcC/ | CU58: 1764761869174.jpg | CV58: https://eu.kobotoolbox.org/api/v2/assets/asidN676GwD9kVUoocseLY/data/729314568/attachments/attRCsp76SaLVnyNh2DXVgDf/ | CW58: 1764761881573.jpg | CX58: https://eu.kobotoolbox.org/api/v2/assets/asidN676GwD9kVUoocseLY/data/729314568/attachments/attJXU4b64ySfqXW4shPfQCr/ | CY58: 1764761888078.jpg | CZ58: https://eu.kobotoolbox.org/api/v2/assets/asidN676GwD9kVUoocseLY/data/729314568/attachments/attNxnh2NYzoe88596ndFJ9y/ | DA58: نعم | DN58: لا | DO58: الرقم التسلسلي 193 | DP58: C3
A59: 58 | B59: 45994 | C59: لمى | D59: بسام | E59: نوح | F59: غاده نوح | G59: أنثى | H59: 32218 | I59: أرمل/أرملة | K59: هوية شخصية | M59: 3330010239 | N59: 1764762410271.jpg | O59: https://eu.kobotoolbox.org/api/v2/assets/asidN676GwD9kVUoocseLY/data/729314991/attachments/attnjQYm2Hk3YSR4PoAR6ea6/ | P59: 1764762425164.jpg | Q59: https://eu.kobotoolbox.org/api/v2/assets/asidN676GwD9kVUoocseLY/data/729314991/attachments/attyLFWWzzXmE5P5Crx6RL5v/ | R59: ريف دمشق | S59: مركز ريف دمشق | T59: عربين | U59: حارة المحاريق بيت والدها | V59: 958743012 | W59: 932333440 | X59: لا | AL59: لا | AT59: منزل يعيله إمراة | AU59: 1 | AV59: 3 | AX59: 1 | AY59: 1 | AZ59: 0 | BA59: 1 | BB59: 0 | BC59: 0 | BD59: 0 | BE59: 0 | BF59: 0 | BG59: 0 | BH59: 0 | BI59: 0 | BJ59: 0 | BK59: لا يوجد مصدر دخل | BL59: 0 | BM59: عائد من النزوح الداخلي | BN59: زملكا | BO59: زملكا حارة المحاريق جانب جامع الحسن | BP59: 33.524334 | BQ59: 36.346764 | BR59: مالك | BS59: نعم | BT59: عقد بيع/شراء (كاتب عدل) | BU59: 40082 | BV59: 1764762686493.jpg | BW59: https://eu.kobotoolbox.org/api/v2/assets/asidN676GwD9kVUoocseLY/data/729314991/attachments/attmNRRaZcojD9aEx76bqpJi/ | BX59: شقة طابقية | BY59: 2 | BZ59: 2 | CA59: 50 | CB59: نعم | CC59: نعم | CD59: نعم | CE59: لا | CF59: تعمل | CG59: لا | CH59: لا | CI59: لا | CJ59: ضرر خفيف | CK59: 1764762744158.jpg | CL59: https://eu.kobotoolbox.org/api/v2/assets/asidN676GwD9kVUoocseLY/data/729314991/attachments/attJMo7NTkMtMrpMS4myiZLe/ | CM59: 1764762754435.jpg | CN59: https://eu.kobotoolbox.org/api/v2/assets/asidN676GwD9kVUoocseLY/data/729314991/attachments/attkEzuFuyH5NmVj9SCTRhMM/ | CO59: 1764762767799.jpg | CP59: https://eu.kobotoolbox.org/api/v2/assets/asidN676GwD9kVUoocseLY/data/729314991/attachments/attdCcaKkv5xAGvRMFYYBB7b/ | CQ59: 1764762774608.jpg | CR59: https://eu.kobotoolbox.org/api/v2/assets/asidN676GwD9kVUoocseLY/data/729314991/attachments/atthsTRPYt9xZhaPwha3jEjc/ | CS59: 1764762784850.jpg | CT59: https://eu.kobotoolbox.org/api/v2/assets/asidN676GwD9kVUoocseLY/data/729314991/attachments/attAgmozpvKXTCi85yQSUWn6/ | CU59: 1764762794755.jpg | CV59: https://eu.kobotoolbox.org/api/v2/assets/asidN676GwD9kVUoocseLY/data/729314991/attachments/attPgxhXdcoLmzRZUFYWUm7e/ | CW59: 1764762802980.jpg | CX59: https://eu.kobotoolbox.org/api/v2/assets/asidN676GwD9kVUoocseLY/data/729314991/attachments/att9XTyR8WLuQyPLuEAWNPbj/ | CY59: 1764762809557.jpg | CZ59: https://eu.kobotoolbox.org/api/v2/assets/asidN676GwD9kVUoocseLY/data/729314991/attachments/atthcnKkUD7RtE7VGBgXGaTh/ | DA59: نعم | DN59: لا | DO59: الرقم التسلسلي 264 العقد بأسم الزوج والزوج متوفي | DP59: C3
A60: 59 | B60: 45995 | C60: أحمد | D60: محمد | E60: العلبي | F60: عائدة | G60: ذكر | H60: 34844 | I60: متزوج/ة | J60: زينب محمود سكرية | K60: هوية شخصية | M60: 1010355713 | N60: 1764672021097.jpg | O60: https://eu.kobotoolbox.org/api/v2/assets/asidN676GwD9kVUoocseLY/data/729389630/attachments/attcEMzEwnBdbX8gbrkCwpQt/ | P60: 1764672031595.jpg | Q60: https://eu.kobotoolbox.org/api/v2/assets/asidN676GwD9kVUoocseLY/data/729389630/attachments/attMQEC464FK2wPBy6gJc487/ | R60: ريف دمشق | S60: مركز ريف دمشق | T60: عربين | U60: مزرعة حارة الحمام | V60: 994843926 | X60: لا | AL60: لا | AT60: غير ذلك | AU60: 1 | AV60: 4 | AX60: 1 | AY60: 1 | AZ60: 0 | BA60: 0 | BB60: 1 | BC60: 1 | BD60: 0 | BE60: 0 | BF60: 0 | BG60: 0 | BH60: 0 | BI60: 0 | BJ60: 0 | BK60: عمل خاص | BL60: 1 | BM60: عائد من اللجوء الخارجي | BN60: زملكا | BO60: مزرعة حارة الحمام | BP60: 33.525942 | BQ60: 36.363829 | BR60: مالك | BS60: لا | BX60: شقة طابقية | BY60: 2 | BZ60: 2 | CA60: 50 | CB60: نعم | CC60: نعم | CD60: نعم | CE60: لا | CF60: تعمل | CG60: نعم | CH60: لا | CI60: لا | CJ60: ضرر متوسط | CK60: 1764672384003.jpg | CL60: https://eu.kobotoolbox.org/api/v2/assets/asidN676GwD9kVUoocseLY/data/729389630/attachments/att8CDcG7JhaUUbWb84NA8Qb/ | CM60: 1764672410483.jpg | CN60: https://eu.kobotoolbox.org/api/v2/assets/asidN676GwD9kVUoocseLY/data/729389630/attachments/attAxAzpRY6oxPoxKRJ8zCfE/ | CO60: 1764672427537.jpg | CP60: https://eu.kobotoolbox.org/api/v2/assets/asidN676GwD9kVUoocseLY/data/729389630/attachments/atttZnoZmXCyHb2qKeUZggjZ/ | CQ60: 1764672457276.jpg | CR60: https://eu.kobotoolbox.org/api/v2/assets/asidN676GwD9kVUoocseLY/data/729389630/attachments/attUEAD7hWmByPTDpE95rxym/ | CS60: 1764672464554.jpg | CT60: https://eu.kobotoolbox.org/api/v2/assets/asidN676GwD9kVUoocseLY/data/729389630/attachments/attFjeiEnTVZiHba3FDgQJMZ/ | CU60: 1764672495762.jpg | CV60: https://eu.kobotoolbox.org/api/v2/assets/asidN676GwD9kVUoocseLY/data/729389630/attachments/attxveVKq3MXWzzzmoa9U3ZD/ | CW60: 1764672530691.jpg | CX60: https://eu.kobotoolbox.org/api/v2/assets/asidN676GwD9kVUoocseLY/data/729389630/attachments/attjEij8euhQzvU2B4kutMCZ/ | CY60: 1764672544315.jpg | CZ60: https://eu.kobotoolbox.org/api/v2/assets/asidN676GwD9kVUoocseLY/data/729389630/attachments/attkvWYQkiiziCUUmJLjbDyt/ | DA60: نعم | DN60: لا | DO60: 156 | DP60: C3
A61: 60 | B61: 45995 | C61: إياد | D61: زياد | E61: موسى | F61: فلاك الشيخ | G61: ذكر | H61: 30471 | I61: متزوج/ة | J61: ريم محمد سالم الحلو | K61: هوية شخصية | M61: 3330044015 | N61: 1764675612591.jpg | O61: https://eu.kobotoolbox.org/api/v2/assets/asidN676GwD9kVUoocseLY/data/729389907/attachments/attGgckhwuP3KwwuuCXdE4pD/ | P61: 1764675631145.jpg | Q61: https://eu.kobotoolbox.org/api/v2/assets/asidN676GwD9kVUoocseLY/data/729389907/attachments/attFGpH8ASxZMySpVoWd8ep9/ | R61: ريف دمشق | S61: مركز ريف دمشق | T61: عربين | U61: حارة الحمام بناء النداف | V61: 998734809 | X61: لا | AL61: لا | AT61: غير ذلك | AU61: 1 | AV61: 5 | AX61: 1 | AY61: 1 | AZ61: 1 | BA61: 0 | BB61: 1 | BC61: 1 | BD61: 0 | BE61: 0 | BF61: 0 | BG61: 0 | BH61: 0 | BI61: 0 | BJ61: 0 | BK61: عمل حكومي | BL61: 1 | BM61: عائد من النزوح الداخلي | BN61: زملكا | BO61: حارة الحمام بناء النداف | BP61: 33.526502 | BQ61: 36.359181 | BR61: مالك | BS61: نعم | BT61: حكم محكمة | BU61: 28651 | BV61: 1764676551406.jpg | BW61: https://eu.kobotoolbox.org/api/v2/assets/asidN676GwD9kVUoocseLY/data/729389907/attachments/attcyDMv7J5HBosRNKCkmnRM/ | BX61: شقة طابقية | BY61: 2 | BZ61: 0 | CA61: 50 | CB61: نعم | CC61: نعم | CD61: نعم | CE61: لا | CF61: تعمل | CG61: نعم | CH61: لا | CI61: لا | CJ61: ضرر متوسط | CK61: 1764676667833.jpg | CL61: https://eu.kobotoolbox.org/api/v2/assets/asidN676GwD9kVUoocseLY/data/729389907/attachments/attMgAeUmAH3V3WvL5sghQMD/ | CM61: 1764676111035.jpg | CN61: https://eu.kobotoolbox.org/api/v2/assets/asidN676GwD9kVUoocseLY/data/729389907/attachments/attvqNeS9DTtNBg9U7vLjPWU/ | CO61: 1764676125112.jpg | CP61: https://eu.kobotoolbox.org/api/v2/assets/asidN676GwD9kVUoocseLY/data/729389907/attachments/attADr3CBTftB723uEbgei34/ | CQ61: 1764676159427.jpg | CR61: https://eu.kobotoolbox.org/api/v2/assets/asidN676GwD9kVUoocseLY/data/729389907/attachments/attKPzDhwYUkdkGaWdoLYNnk/ | CS61: 1764676196370.jpg | CT61: https://eu.kobotoolbox.org/api/v2/assets/asidN676GwD9kVUoocseLY/data/729389907/attachments/attJ5nSjmKKdK8a4R3dBwrZX/ | CU61: 1764676705661.jpg | CV61: https://eu.kobotoolbox.org/api/v2/assets/asidN676GwD9kVUoocseLY/data/729389907/attachments/attbkgeNLotYweJ2xx5ivmfe/ | CW61: 1764676213541.jpg | CX61: https://eu.kobotoolbox.org/api/v2/assets/asidN676GwD9kVUoocseLY/data/729389907/attachments/att9dDxeeKt4nrmSbDwr2eke/ | CY61: 1764676228602.jpg | CZ61: https://eu.kobotoolbox.org/api/v2/assets/asidN676GwD9kVUoocseLY/data/729389907/attachments/attu4vNz2HcnunMUvSCxPDog/ | DA61: نعم | DN61: لا | DO61: 212 | DP61: C3
A62: 61 | B62: 45995 | C62: مأمون | D62: عبد الغني | E62: نوح | F62: فايزة | G62: ذكر | H62: 26299 | I62: متزوج/ة | J62: باسمة عمر الحلاق | K62: هوية شخصية | M62: 3330027512 | N62: 1764668819386.jpg | O62: https://eu.kobotoolbox.org/api/v2/assets/asidN676GwD9kVUoocseLY/data/729390337/attachments/attHXGYogRnKP85YfRjMZ5hm/ | P62: 1764668828284.jpg | Q62: https://eu.kobotoolbox.org/api/v2/assets/asidN676GwD9kVUoocseLY/data/729390337/attachments/attYBJLKhh8FpFiAjUzk3aoK/ | R62: ريف دمشق | S62: مركز ريف دمشق | T62: عربين | U62: مزرعة آخر طريق الحمام جانب بيت الدباس | V62: 59460407 | X62: لا | AL62: لا | AT62: غير ذلك | AU62: 1 | AV62: 9 | AX62: 3 | AY62: 3 | AZ62: 0 | BA62: 1 | BB62: 2 | BC62: 0 | BD62: 0 | BE62: 0 | BF62: 0 | BG62: 0 | BH62: 0 | BI62: 0 | BJ62: 0 | BK62: أعمال حرة | BL62: 2 | BM62: عائد من النزوح الداخلي | BN62: زملكا | BO62: مزرعة آخر طريق الحمام | BP62: 33.527085 | BQ62: 36.363693 | BR62: مالك | BS62: نعم | BT62: بيان قيد عقاري | BU62: 43227 | BV62: 1764669297535.jpg | BW62: https://eu.kobotoolbox.org/api/v2/assets/asidN676GwD9kVUoocseLY/data/729390337/attachments/att5xxksy7zm26nSyoYjnopN/ | BX62: شقة طابقية | BY62: 2 | BZ62: 0 | CA62: 75 | CB62: نعم | CC62: نعم | CD62: نعم | CE62: لا | CF62: تعمل | CG62: نعم | CH62: لا | CI62: لا | CJ62: ضرر خفيف | CK62: 1764669566129.jpg | CL62: https://eu.kobotoolbox.org/api/v2/assets/asidN676GwD9kVUoocseLY/data/729390337/attachments/attdihihbJaUtdfUmRhn5sUR/ | CM62: 1764669746064.jpg | CN62: https://eu.kobotoolbox.org/api/v2/assets/asidN676GwD9kVUoocseLY/data/729390337/attachments/attSHB6BGvq7MUBokK8swV6p/ | CO62: 1764669589832.jpg | CP62: https://eu.kobotoolbox.org/api/v2/assets/asidN676GwD9kVUoocseLY/data/729390337/attachments/attUWDCJkP5WQcaWSAWePGk6/ | CQ62: 1764669651480.jpg | CR62: https://eu.kobotoolbox.org/api/v2/assets/asidN676GwD9kVUoocseLY/data/729390337/attachments/attg66Nt34dftGhjiaoEth3Q/ | CS62: 1764669692304.jpg | CT62: https://eu.kobotoolbox.org/api/v2/assets/asidN676GwD9kVUoocseLY/data/729390337/attachments/attRPm4DcGi96Eg2uBEyMrpz/ | CU62: 1764669775766.jpg | CV62: https://eu.kobotoolbox.org/api/v2/assets/asidN676GwD9kVUoocseLY/data/729390337/attachments/attBbCBzysjkMfthk5whuPD6/ | CW62: 1764669721403.jpg | CX62: https://eu.kobotoolbox.org/api/v2/assets/asidN676GwD9kVUoocseLY/data/729390337/attachments/attV5HPzfv9QbmjaUmBqi2we/ | CY62: 1764669799379.jpg | CZ62: https://eu.kobotoolbox.org/api/v2/assets/asidN676GwD9kVUoocseLY/data/729390337/attachments/attdN23Ae9fdnZpSCLEtRUBC/ | DA62: نعم | DN62: لا | DP62: C3
A63: 62 | B63: 45995 | C63: محمد جمال | D63: معروف | E63: كنهوش | F63: فاطمة | G63: ذكر | H63: 20641 | I63: متزوج/ة | J63: منى أحمد ازرق | K63: أخرى | L63: هوية مجلس محلي | M63: 44458345109 | N63: 1764659673519.jpg | O63: https://eu.kobotoolbox.org/api/v2/assets/asidN676GwD9kVUoocseLY/data/729390583/attachments/attoEGYVkT9w4E8mihbiyiQM/ | P63: 1764659690083.jpg | Q63: https://eu.kobotoolbox.org/api/v2/assets/asidN676GwD9kVUoocseLY/data/729390583/attachments/attb42Edwozqop8jeavcnKK2/ | R63: ريف دمشق | S63: مركز ريف دمشق | T63: عربين | U63: حي المزرعة قرب مسجد التوفيق | V63: 942570442 | W63: 942570441 | X63: لا | AL63: نعم | AM63: سكري | AN63: 1 | AO63: 0 | AP63: 0 | AQ63: 0 | AR63: 0 | AT63: منزل يعيله رجل كبير بالسن (فوق 60 سنة) | AU63: 1 | AV63: 6 | AX63: 2 | AY63: 2 | AZ63: 0 | BA63: 0 | BB63: 2 | BC63: 0 | BD63: 1 | BE63: 0 | BF63: 0 | BG63: 0 | BH63: 0 | BI63: 0 | BJ63: 0 | BK63: لا يوجد مصدر دخل | BL63: 1 | BM63: عائد من النزوح الداخلي | BN63: زملكا | BO63: المزرعة | BP63: 33.525232 | BQ63: 36.361151 | BR63: مالك | BS63: لا | BX63: منزل مستقل | BY63: 2 | BZ63: 0 | CA63: 70 | CB63: لا | CC63: نعم | CD63: نعم | CE63: لا | CF63: لا تعمل | CG63: نعم | CH63: لا | CI63: لا | CJ63: ضرر خفيف | CK63: 1764660323246.jpg | CL63: https://eu.kobotoolbox.org/api/v2/assets/asidN676GwD9kVUoocseLY/data/729390583/attachments/attZHWWSubL5dquedKTxReqC/ | CM63: 1764660342559.jpg | CN63: https://eu.kobotoolbox.org/api/v2/assets/asidN676GwD9kVUoocseLY/data/729390583/attachments/attsoghenvaLBWZgzJ88F93m/ | CO63: 1764660389953.jpg | CP63: https://eu.kobotoolbox.org/api/v2/assets/asidN676GwD9kVUoocseLY/data/729390583/attachments/att5whmQMfupxjzP5p9wBVvA/ | CQ63: 1764660453912.jpg | CR63: https://eu.kobotoolbox.org/api/v2/assets/asidN676GwD9kVUoocseLY/data/729390583/attachments/attfzmdFm5vqaYKkqf3jhEVB/ | CS63: 1764660481428.jpg | CT63: https://eu.kobotoolbox.org/api/v2/assets/asidN676GwD9kVUoocseLY/data/729390583/attachments/attEN82xY64qmw6a78aTTYqQ/ | CU63: 1764660504394.jpg | CV63: https://eu.kobotoolbox.org/api/v2/assets/asidN676GwD9kVUoocseLY/data/729390583/attachments/attnL22e6NfDcvarWdhCgQjR/ | CW63: 1764660515288.jpg | CX63: https://eu.kobotoolbox.org/api/v2/assets/asidN676GwD9kVUoocseLY/data/729390583/attachments/att2LfFGGPKq9VCcxUkM4AoQ/ | CY63: 1764660529068.jpg | CZ63: https://eu.kobotoolbox.org/api/v2/assets/asidN676GwD9kVUoocseLY/data/729390583/attachments/attkQdydTMft7Btq4pEZUDJa/ | DA63: نعم | DN63: لا | DO63: 147 | DP63: C3
A64: 63 | B64: 45995 | C64: موفق | D64: محمد | E64: الخولي | F64: ربيعة أميري | G64: ذكر | H64: 24400 | I64: متزوج/ة | J64: أمل أحمد الخولي | K64: هوية شخصية | M64: 3330035306 | N64: 1764759023097.jpg | O64: https://eu.kobotoolbox.org/api/v2/assets/asidN676GwD9kVUoocseLY/data/729393207/attachments/attXT8Fj9u9bQBLCgBVLszaH/ | P64: 1764759036656.jpg | Q64: https://eu.kobotoolbox.org/api/v2/assets/asidN676GwD9kVUoocseLY/data/729393207/attachments/attzx4i6vK3v6wD6mj3XFeiv/ | R64: ريف دمشق | S64: مركز ريف دمشق | T64: عربين | U64: المزرعة مقابل ابو عبيد الهندي | V64: 997738194 | X64: لا | AL64: لا | AT64: غير ذلك | AU64: 1 | AV64: 5 | AX64: 2 | AY64: 2 | AZ64: 0 | BA64: 1 | BB64: 0 | BC64: 0 | BD64: 0 | BE64: 0 | BF64: 0 | BG64: 0 | BH64: 0 | BI64: 0 | BJ64: 0 | BK64: عمل حكومي | BL64: 2 | BM64: مقيم ولم أنزح | BN64: زملكا | BO64: المزرعة مقابل أبو عبيدة الهندي | BP64: 33.525164 | BQ64: 36.36091 | BR64: مالك | BS64: نعم | BT64: عقد بيع/شراء (كاتب عدل) | BU64: 34617 | BV64: 1764759395737.jpg | BW64: https://eu.kobotoolbox.org/api/v2/assets/asidN676GwD9kVUoocseLY/data/729393207/attachments/attAzKLnZqAm4dQr5Tnui4zt/ | BX64: شقة طابقية | BY64: 2 | BZ64: 0 | CA64: 70 | CB64: نعم | CC64: نعم | CD64: نعم | CE64: لا | CF64: تعمل | CG64: نعم | CH64: لا | CI64: لا | CJ64: ضرر خفيف | CK64: 1764759681688.jpg | CL64: https://eu.kobotoolbox.org/api/v2/assets/asidN676GwD9kVUoocseLY/data/729393207/attachments/atttMw5uG76VfGPkCVuhzRY9/ | CM64: 1764759814464.jpg | CN64: https://eu.kobotoolbox.org/api/v2/assets/asidN676GwD9kVUoocseLY/data/729393207/attachments/att7JYjvw7oL3Y9E5dJqJUXz/ | CO64: 1764759699195.jpg | CP64: https://eu.kobotoolbox.org/api/v2/assets/asidN676GwD9kVUoocseLY/data/729393207/attachments/attEY4JvFGHSQrBg8C3iaGTB/ | CQ64: 1764759736976.jpg | CR64: https://eu.kobotoolbox.org/api/v2/assets/asidN676GwD9kVUoocseLY/data/729393207/attachments/attbML49CAxWcx97yGdqMCQa/ | CS64: 1764759833042.jpg | CT64: https://eu.kobotoolbox.org/api/v2/assets/asidN676GwD9kVUoocseLY/data/729393207/attachments/attbtTfTP79JAFMvQTsxUcDC/ | CU64: 1764759752963.jpg | CV64: https://eu.kobotoolbox.org/api/v2/assets/asidN676GwD9kVUoocseLY/data/729393207/attachments/attayvmQeNCLEz4v8XfbMdUS/ | CW64: 1764759765863.jpg | CX64: https://eu.kobotoolbox.org/api/v2/assets/asidN676GwD9kVUoocseLY/data/729393207/attachments/attyMia6WqJMTNqmi2CmHmGV/ | CY64: 1764759779606.jpg | CZ64: https://eu.kobotoolbox.org/api/v2/assets/asidN676GwD9kVUoocseLY/data/729393207/attachments/attfhAr4t3MeC8bJPbKGWQva/ | DA64: نعم | DN64: لا | DO64: 209 | DP64: C3
A65: 64 | B65: 45995 | C65: نذير | D65: سليمان | E65: غرة | F65: فاطمة | G65: ذكر | H65: 18158 | I65: متزوج/ة | J65: منى أحمد الدباس | K65: هوية شخصية | M65: 3330039899 | N65: 1764761409039.jpg | O65: https://eu.kobotoolbox.org/api/v2/assets/asidN676GwD9kVUoocseLY/data/729393236/attachments/attC5u9dqmVMswzZPW7frbe6/ | P65: 1764761421119.jpg | Q65: https://eu.kobotoolbox.org/api/v2/assets/asidN676GwD9kVUoocseLY/data/729393236/attachments/attG8YifeqQxpLJVZabM3uzT/ | R65: ريف دمشق | S65: مركز ريف دمشق | T65: عربين | U65: المزرعة جانب جامع التوفيق | V65: 969389611 | X65: لا | AL65: لا | AT65: غير ذلك | AU65: 1 | AV65: 2 | AX65: 1 | AY65: 1 | AZ65: 0 | BA65: 0 | BB65: 0 | BC65: 0 | BD65: 1 | BE65: 0 | BF65: 0 | BG65: 0 | BH65: 0 | BI65: 0 | BJ65: 0 | BK65: لا يوجد مصدر دخل | BL65: 0 | BM65: عائد من النزوح الداخلي | BN65: زملكا | BO65: مزرعة جانب جامع التوفيق | BP65: 33.525271 | BQ65: 36.361857 | BR65: مالك | BS65: نعم | BT65: عقد بيع/شراء (كاتب عدل) | BU65: 35245 | BV65: 1764761870340.jpg | BW65: https://eu.kobotoolbox.org/api/v2/assets/asidN676GwD9kVUoocseLY/data/729393236/attachments/atttjhNxwm5AXfayMN6mKKBS/ | BX65: شقة طابقية | BY65: 2 | BZ65: 0 | CA65: 70 | CB65: نعم | CC65: لا | CD65: لا | CE65: نعم | CF65: تعمل | CG65: نعم | CH65: لا | CI65: لا | CJ65: ضرر خفيف | CK65: 1764762017220.jpg | CL65: https://eu.kobotoolbox.org/api/v2/assets/asidN676GwD9kVUoocseLY/data/729393236/attachments/attHY8bBvGfNAEhGADB5AbHZ/ | CM65: 1764762137429.jpg | CN65: https://eu.kobotoolbox.org/api/v2/assets/asidN676GwD9kVUoocseLY/data/729393236/attachments/attAaGp3ePp4tj2tBXWbYpSJ/ | CO65: 1764762037162.jpg | CP65: https://eu.kobotoolbox.org/api/v2/assets/asidN676GwD9kVUoocseLY/data/729393236/attachments/attCyMcbuh3oLf6nmRrB6ocj/ | CQ65: 1764762051612.jpg | CR65: https://eu.kobotoolbox.org/api/v2/assets/asidN676GwD9kVUoocseLY/data/729393236/attachments/attqMdkYCPbXxqaSNJRjfrZd/ | CS65: 1764762063983.jpg | CT65: https://eu.kobotoolbox.org/api/v2/assets/asidN676GwD9kVUoocseLY/data/729393236/attachments/att7f3dPPDHWWy4PPdQG4yFB/ | CU65: 1764762077604.jpg | CV65: https://eu.kobotoolbox.org/api/v2/assets/asidN676GwD9kVUoocseLY/data/729393236/attachments/att5UCTGMgYdD2cFk27PteFZ/ | CW65: 1764762092259.jpg | CX65: https://eu.kobotoolbox.org/api/v2/assets/asidN676GwD9kVUoocseLY/data/729393236/attachments/attQphwSY87HjPMeVzzPdZ7m/ | CY65: 1764762100289.jpg | CZ65: https://eu.kobotoolbox.org/api/v2/assets/asidN676GwD9kVUoocseLY/data/729393236/attachments/attBrGdsajVkSA4sYkkJPTf6/ | DA65: نعم | DN65: لا | DO65: 98 | DP65: C3
A66: 65 | B66: 45995 | C66: مريم | D66: مصطفى | E66: المصري | F66: فلك القضماني | G66: أنثى | H66: 26039 | I66: متزوج/ة | J66: ماهر مظهر المزور | K66: هوية شخصية | M66: 1010413503 | N66: 1764764044110.jpg | O66: https://eu.kobotoolbox.org/api/v2/assets/asidN676GwD9kVUoocseLY/data/729393310/attachments/attUNTHRUezCewfz7ZdrLWqG/ | P66: 1764764054123.jpg | Q66: https://eu.kobotoolbox.org/api/v2/assets/asidN676GwD9kVUoocseLY/data/729393310/attachments/attymVgnK4zXtMJ8BcVHdgCx/ | R66: ريف دمشق | S66: مركز ريف دمشق | T66: عربين | U66: مزرعة قرب مدرسة أم مازن | V66: 931844680 | X66: لا | AL66: لا | AT66: غير ذلك | AU66: 1 | AV66: 4 | AX66: 3 | AY66: 1 | AZ66: 0 | BA66: 0 | BB66: 0 | BC66: 0 | BD66: 0 | BE66: 0 | BF66: 0 | BG66: 0 | BH66: 0 | BI66: 0 | BJ66: 0 | BK66: عمل خاص | BL66: 3 | BM66: عائد من النزوح الداخلي | BN66: زملكا | BO66: مزرعة قرب مدرسة أم مازن | BP66: 33.524134 | BQ66: 36.359039 | BR66: مالك | BS66: نعم | BT66: عقد بيع/شراء (كاتب عدل) | BU66: 45579 | BV66: 1764764497207.jpg | BW66: https://eu.kobotoolbox.org/api/v2/assets/asidN676GwD9kVUoocseLY/data/729393310/attachments/attT9gNrgRNr4x7YQEeg8Ftf/ | BX66: شقة طابقية | BY66: 2 | BZ66: 0 | CA66: 50 | CB66: نعم | CC66: لا | CD66: نعم | CE66: لا | CF66: تعمل | CG66: نعم | CH66: لا | CI66: لا | CJ66: ضرر خفيف | CK66: 1764764623848.jpg | CL66: https://eu.kobotoolbox.org/api/v2/assets/asidN676GwD9kVUoocseLY/data/729393310/attachments/attxok49mp2xMV6duAQyGykf/ | CM66: 1764764637871.jpg | CN66: https://eu.kobotoolbox.org/api/v2/assets/asidN676GwD9kVUoocseLY/data/729393310/attachments/attDqQEPYhXpDdaqoRVECSc3/ | CO66: 1764764650017.jpg | CP66: https://eu.kobotoolbox.org/api/v2/assets/asidN676GwD9kVUoocseLY/data/729393310/attachments/attTCHMQfG9tGfpxBLWBdhck/ | CQ66: 1764764730496.jpg | CR66: https://eu.kobotoolbox.org/api/v2/assets/asidN676GwD9kVUoocseLY/data/729393310/attachments/attKefQQz4XFq4DbfSCrwTs9/ | CS66: 1764764659109.jpg | CT66: https://eu.kobotoolbox.org/api/v2/assets/asidN676GwD9kVUoocseLY/data/729393310/attachments/attZqQ9JKraHBi3E8iAdXAQq/ | CU66: 1764764674787.jpg | CV66: https://eu.kobotoolbox.org/api/v2/assets/asidN676GwD9kVUoocseLY/data/729393310/attachments/attRvdSydopw4skMqLGwgJjF/ | CW66: 1764764700727.jpg | CX66: https://eu.kobotoolbox.org/api/v2/assets/asidN676GwD9kVUoocseLY/data/729393310/attachments/attZooGLosZ6npcQzby9sLJk/ | CY66: 1764764716987.jpg | CZ66: https://eu.kobotoolbox.org/api/v2/assets/asidN676GwD9kVUoocseLY/data/729393310/attachments/atthvNRYCLhpgc7CETqPy4JB/ | DA66: نعم | DN66: لا | DO66: 86 محمد معتز مظهر المزور | DP66: C3
A67: 66 | B67: 45995 | C67: أماني | D67: مياز | E67: الزعيم | F67: هناء | G67: أنثى | H67: 33608 | I67: متزوج/ة | J67: محمد حسن محمد سعيد جيرودي | K67: هوية شخصية | M67: 1010534756 | N67: 1764754694410.jpg | O67: https://eu.kobotoolbox.org/api/v2/assets/asidN676GwD9kVUoocseLY/data/729396379/attachments/att7EwuCmWHdn2hohMVYMxrS/ | P67: 1764754733142.jpg | Q67: https://eu.kobotoolbox.org/api/v2/assets/asidN676GwD9kVUoocseLY/data/729396379/attachments/att952QJkURdxSxRZcQK9pqH/ | R67: ريف دمشق | S67: مركز ريف دمشق | T67: عربين | U67: المزرع جانب مدرسة الآمال الواعدة | V67: 951819077 | X67: لا | AL67: لا | AT67: غير ذلك | AU67: 1 | AV67: 5 | AX67: 1 | AY67: 1 | AZ67: 1 | BA67: 1 | BB67: 1 | BC67: 0 | BD67: 0 | BE67: 0 | BF67: 0 | BG67: 0 | BH67: 0 | BI67: 0 | BJ67: 0 | BK67: أعمال حرة | BL67: 0 | BM67: عائد من اللجوء الخارجي | BN67: زملكا | BO67: مزرعة جانب مدرسة الآمال الواعدة | BP67: 33.527869 | BQ67: 36.36255 | BR67: مالك | BS67: نعم | BT67: عقد بيع/شراء (كاتب عدل) | BU67: 45778 | BV67: 1764755265232.jpg | BW67: https://eu.kobotoolbox.org/api/v2/assets/asidN676GwD9kVUoocseLY/data/729396379/attachments/atteKC4JnMpmY7xwLmWrT6ta/ | BX67: منزل مستقل | BY67: 3 | BZ67: 0 | CA67: 55 | CB67: نعم | CC67: نعم | CD67: لا | CE67: لا | CF67: لا تعمل | CG67: لا | CH67: لا | CI67: لا | CJ67: ضرر خفيف | CK67: 1764755444160.jpg | CL67: https://eu.kobotoolbox.org/api/v2/assets/asidN676GwD9kVUoocseLY/data/729396379/attachments/att6BqkkS5b9zA9GiaLV4mZG/ | CM67: 1764755459250.jpg | CN67: https://eu.kobotoolbox.org/api/v2/assets/asidN676GwD9kVUoocseLY/data/729396379/attachments/attAEdG9YEqhwS84q2mRDKNW/ | CO67: 1764755639978.jpg | CP67: https://eu.kobotoolbox.org/api/v2/assets/asidN676GwD9kVUoocseLY/data/729396379/attachments/attVZY7XZ3Xf3X9QSUbE877z/ | CQ67: 1764755524998.jpg | CR67: https://eu.kobotoolbox.org/api/v2/assets/asidN676GwD9kVUoocseLY/data/729396379/attachments/atteZvxxTXgZckSLJtxX337u/ | CS67: 1764755564082.jpg | CT67: https://eu.kobotoolbox.org/api/v2/assets/asidN676GwD9kVUoocseLY/data/729396379/attachments/attXMbhE8uCQWgjMKb6DxBLF/ | CU67: 1764755674326.jpg | CV67: https://eu.kobotoolbox.org/api/v2/assets/asidN676GwD9kVUoocseLY/data/729396379/attachments/attTMCYchr5hBRiBmvAFhXTa/ | CW67: 1764755591833.jpg | CX67: https://eu.kobotoolbox.org/api/v2/assets/asidN676GwD9kVUoocseLY/data/729396379/attachments/attQgv7o79FfQC4y8jPf8uuZ/ | CY67: 1764755613627.jpg | CZ67: https://eu.kobotoolbox.org/api/v2/assets/asidN676GwD9kVUoocseLY/data/729396379/attachments/attoSyGyjHbne89tCZZtiD7m/ | DA67: نعم | DN67: نعم | DO67: سور للدرج..عازل للسطح | DP67: C3
A68: 67 | B68: 45995 | C68: محمد | D68: عبد الكريم | E68: فتينة | F68: نجاح | G68: ذكر | H68: 28126 | I68: متزوج/ة | J68: هنادي جمال القشاط | K68: هوية شخصية | M68: 1010420298 | N68: 1764662014175.jpg | O68: https://eu.kobotoolbox.org/api/v2/assets/asidN676GwD9kVUoocseLY/data/729397308/attachments/att4pc9D6GhGspywCwdyA6ba/ | P68: 1764662033585.jpg | Q68: https://eu.kobotoolbox.org/api/v2/assets/asidN676GwD9kVUoocseLY/data/729397308/attachments/attMiaLntp3ZiFZzDggsJmbN/ | R68: ريف دمشق | S68: مركز ريف دمشق | T68: عربين | U68: حي المزرعة قرب مسجد التوفيق | V68: 99751320 | X68: لا | AL68: لا | AT68: غير ذلك | AU68: 1 | AV68: 7 | AX68: 4 | AY68: 1 | AZ68: 1 | BA68: 1 | BB68: 0 | BC68: 0 | BD68: 0 | BE68: 0 | BF68: 0 | BG68: 0 | BH68: 0 | BI68: 0 | BJ68: 0 | BK68: أعمال حرة | BL68: 2 | BM68: عائد من النزوح الداخلي | BN68: زملكا | BO68: المزرعة | BP68: 33.523829 | BQ68: 36.36159 | BR68: مالك | BS68: لا | BX68: شقة طابقية | BY68: 2 | BZ68: 0 | CA68: 60 | CB68: نعم | CC68: نعم | CD68: نعم | CE68: لا | CF68: تعمل | CG68: نعم | CH68: لا | CI68: لا | CJ68: ضرر خفيف | CK68: 1764662551952.jpg | CL68: https://eu.kobotoolbox.org/api/v2/assets/asidN676GwD9kVUoocseLY/data/729397308/attachments/attxBctFCxP4mvbnNmQxj92m/ | CM68: 1764662596325.jpg | CN68: https://eu.kobotoolbox.org/api/v2/assets/asidN676GwD9kVUoocseLY/data/729397308/attachments/attwvw5ssN6AHaAom7Hptk5p/ | CO68: 1764662613879.jpg | CP68: https://eu.kobotoolbox.org/api/v2/assets/asidN676GwD9kVUoocseLY/data/729397308/attachments/attsAia2XmiiQrLnzKGcjiCT/ | CQ68: 1764662652097.jpg | CR68: https://eu.kobotoolbox.org/api/v2/assets/asidN676GwD9kVUoocseLY/data/729397308/attachments/att3H7WkV9pHMTuEAyvi5QdJ/ | CS68: 1764662675766.jpg | CT68: https://eu.kobotoolbox.org/api/v2/assets/asidN676GwD9kVUoocseLY/data/729397308/attachments/attT6ekJ9cTzhwjeFYS8FNFW/ | CU68: 1764662687797.jpg | CV68: https://eu.kobotoolbox.org/api/v2/assets/asidN676GwD9kVUoocseLY/data/729397308/attachments/attvf6PpTWb4Hm5skv9iRpAj/ | CW68: 1764662703672.jpg | CX68: https://eu.kobotoolbox.org/api/v2/assets/asidN676GwD9kVUoocseLY/data/729397308/attachments/attktqgP7CfLwixJhnZiQAEv/ | CY68: 1764662713593.jpg | CZ68: https://eu.kobotoolbox.org/api/v2/assets/asidN676GwD9kVUoocseLY/data/729397308/attachments/attpY493GpTVPLWDZzvRTAqK/ | DA68: نعم | DN68: لا | DO68: 144 تزكية المجلس البلدي | DP68: C3
A69: 68 | B69: 45995 | C69: محمد محروس | D69: محمد نادر | E69: الزيبق | F69: حميدة دياتي | G69: ذكر | H69: 22985 | I69: متزوج/ة | J69: سناء خالد السمان | K69: هوية شخصية | M69: 3330038428 | N69: 1764832966963.jpg | O69: https://eu.kobotoolbox.org/api/v2/assets/asidN676GwD9kVUoocseLY/data/729418738/attachments/attv5oNzbfnK33GNdiKuCNyb/ | P69: 1764832998550.jpg | Q69: https://eu.kobotoolbox.org/api/v2/assets/asidN676GwD9kVUoocseLY/data/729418738/attachments/attEfGcemMrjCaPYVxJyZYRU/ | R69: ريف دمشق | S69: مركز ريف دمشق | T69: عربين | U69: مزرعة قرب مسجد التوفيق | V69: 931607885 | X69: لا | AL69: لا | AT69: منزل يعيله رجل كبير بالسن (فوق 60 سنة) | AU69: 1 | AV69: 8 | AX69: 3 | AY69: 5 | AZ69: 0 | BA69: 0 | BB69: 0 | BC69: 0 | BD69: 0 | BE69: 0 | BF69: 0 | BG69: 0 | BH69: 0 | BI69: 0 | BJ69: 0 | BK69: لا يوجد مصدر دخل | BL69: 0 | BM69: مقيم ولم أنزح | BN69: زملكا | BO69: مزرعة | BP69: 33.523656 | BQ69: 36.361567 | BR69: مالك | BS69: لا | BX69: ملحق | BY69: 2 | BZ69: 3 | CA69: 65 | CB69: نعم | CC69: نعم | CD69: نعم | CE69: لا | CF69: تعمل | CG69: نعم | CH69: لا | CI69: نعم | CJ69: ضرر خفيف | CK69: 1764833360630.jpg | CL69: https://eu.kobotoolbox.org/api/v2/assets/asidN676GwD9kVUoocseLY/data/729418738/attachments/attxtFS387aVFk5RZ48vRWj7/ | CM69: 1764833375061.jpg | CN69: https://eu.kobotoolbox.org/api/v2/assets/asidN676GwD9kVUoocseLY/data/729418738/attachments/attPzKSZcQsS528FYW2j5z3X/ | CO69: 1764833412575.jpg | CP69: https://eu.kobotoolbox.org/api/v2/assets/asidN676GwD9kVUoocseLY/data/729418738/attachments/attnMzrAHQCaJ7XFJYn9bqG8/ | CQ69: 1764833424338.jpg | CR69: https://eu.kobotoolbox.org/api/v2/assets/asidN676GwD9kVUoocseLY/data/729418738/attachments/attRQDxt4suBbibomM8bNmHg/ | CS69: 1764833445012.jpg | CT69: https://eu.kobotoolbox.org/api/v2/assets/asidN676GwD9kVUoocseLY/data/729418738/attachments/attrQCokqvHCBDxdRmBqssQz/ | CU69: 1764833466487.jpg | CV69: https://eu.kobotoolbox.org/api/v2/assets/asidN676GwD9kVUoocseLY/data/729418738/attachments/attaHLqV6yzvTXRQeNKJcMTH/ | CW69: 1764833483872.jpg | CX69: https://eu.kobotoolbox.org/api/v2/assets/asidN676GwD9kVUoocseLY/data/729418738/attachments/attgTCZZmynDN3BLGKAQFszU/ | CY69: 1764833504888.jpg | CZ69: https://eu.kobotoolbox.org/api/v2/assets/asidN676GwD9kVUoocseLY/data/729418738/attachments/attZiabeC7DqKN5XZRzycQ2E/ | DA69: نعم | DN69: لا | DO69: 284 | DP69: C3
